PLAYER,TEAM,GP,MIN,PTS,FGM,FGA,FG%,3PM,3PA,3P%,eFG%
A.J. Lawson,TOR,26,18.7,3.3,1.00,3.6,31.2,1.1,3.6,31.2,46.8
AJ Green,MIL,73,22.7,5,2.00,3.8,44.2,1.7,3.7,44.5,66.1
AJ Johnson,WAS,29,22,1.4,1.00,1.8,26.9,0.5,1.8,27.5,40.4
Aaron Gordon,DEN,51,28.4,3.6,1.00,2.6,48.1,1.1,2.3,45.4,68.4
Aaron Holiday,HOU,62,12.8,2.8,1.00,2.2,41.6,0.9,2.2,42.2,62.4
Aaron Nesmith,IND,45,24.9,4.8,2.00,3.6,45.1,1.6,3.6,44.7,67.3
Aaron Wiggins,OKC,76,22.9,4.4,2.00,3.8,38.9,1.4,3.7,39.1,58.1
Adam Flagler,OKC,37,5.5,0.7,0.00,1.4,18,0.2,1.4,18,27
Adama Sanogo,CHI,4,5.4,0,0.00,0,-,-,-,-,-
Adem Bona,PHI,58,15.6,0,0.00,0,0,0,0,0,0
Ajay Mitchell,OKC,36,16.6,1.9,1.00,1.5,42.6,0.6,1.4,40.4,62
Al Horford,BOS,60,27.6,5.6,2.00,5.3,35.6,1.8,5.1,35.9,53
Alec Burks,MIA,49,17.6,4.3,1.00,3.4,42.2,1.4,3.4,42.4,63.3
Alex Caruso,OKC,54,19.3,3.1,1.00,2.8,37.6,1,2.7,37.7,56
Alex Ducas,OKC,21,6,1.4,1.00,1,47.6,0.5,1,50,71.4
Alex Len,LAL,46,8.3,0.2,0.00,0.3,20,0,0.2,12.5,23.3
Alex Reese,PHI,15,14.4,3.1,1.00,2.7,39,1,2.7,37.5,57.3
Alex Sarr,WAS,67,27.1,4.6,2.00,5.1,30.1,1.5,4.8,30.9,44.6
Alondes Williams,LAC,1,3.7,3,1.00,1,100,1,1,100,150
Alperen Sengun,HOU,76,31.5,2,1.00,2.4,36.9,0.2,0.9,25.4,41.9
Amen Thompson,HOU,69,32.3,1.1,0.00,1.4,29.5,0.3,1.1,29.5,41.6
Amir Coffey,LAC,72,24.3,3.9,1.00,3.1,42,1.3,3,42.1,62.2
Andre Drummond,PHI,40,18.8,0.3,0.00,0.6,20.8,0.1,0.5,16.7,27.1
Andre Jackson Jr.,MIL,67,14.6,1.2,0.00,1,39.7,0.4,1,38.8,58.8
Andrew Nembhard,IND,65,28.9,2.1,1.00,2.4,32.7,0.6,2,30,45.4
Andrew Wiggins,MIA,60,30.7,4.8,2.00,4.1,39.3,1.6,4,39.4,58.8
Anfernee Simons,POR,70,32.7,5,2.00,4.4,37.6,1.6,4.3,37.7,55.8
Anthony Black,ORL,78,24.2,1.9,1.00,1.9,34.2,0.6,1.8,33.3,50.7
Anthony Davis,DAL,51,33.4,3.1,1.00,3.6,35.7,0.6,1.9,30.3,44
Anthony Edwards,MIN,79,36.3,3.4,1.00,2.7,42.8,1.1,2.6,42.1,63.3
Anthony Gill,WAS,51,7.8,0.6,0.00,0.6,33.3,0.2,0.6,33.3,50
Anton Watson,NYK,9,2.5,0.2,0.00,0.2,50,0,0.1,0,50
Antonio Reeves,NOP,44,15,2.8,1.00,2.2,42.3,0.9,2.2,42.3,63.4
Ariel Hukporti,NYK,25,8.7,0,0.00,0,0,-,-,-,0
Armel Traore,LAL,9,7.4,0,0.00,0.8,0,0,0.8,0,0
Ausar Thompson,DET,59,22.5,0.5,0.00,0.7,23.8,0.2,0.7,24.4,35.7
Austin Reaves,LAL,73,34.9,4.8,2.00,4,39.9,1.6,3.9,39.9,59.6
Ayo Dosunmu,CHI,46,30.3,3.6,1.00,3.5,34,1.2,3.5,34,50.6
Bam Adebayo,MIA,78,34.3,3.9,2.00,3.9,40,0.8,2.2,36.8,50.5
Baylor Scheierman,BOS,31,12.4,2,1.00,2.2,31.3,0.6,2.1,30.3,46.3
Ben Sheppard,IND,63,19.5,3.1,1.00,2.9,35.5,1,2.8,35.8,53
Ben Simmons,LAC,51,22,0,0.00,0.1,33.3,-,-,-,33.3
Bennedict Mathurin,IND,72,29.9,2.3,1.00,1.8,43.6,0.7,1.7,41.3,62.4
Bilal Coulibaly,WAS,59,33,2.6,1.00,3.2,27.4,0.8,3.1,27.6,40.9
Bismack Biyombo,SAS,28,18.8,0,0.00,0.1,0,-,-,-,0
Blake Wesley,SAS,58,11.8,0.8,0.00,0.9,27.3,0.3,0.9,28.8,40.9
Bobby Portis,MIL,49,25.4,4.6,2.00,4.6,37.5,1.2,3.4,35.1,50.7
Bobi Klintman,DET,8,5.3,0.6,0.00,0.6,40,0.1,0.5,25,50
Bogdan Bogdanović,LAC,54,25,4.4,2.00,4,37.5,1.4,3.8,36.9,54.9
Bol Bol,PHX,36,12.5,2.6,1.00,2.3,40.7,0.7,2,36.6,56.8
Bones Hyland,MIN,24,9.9,1.1,0.00,1.1,34.6,0.4,1.1,34.6,51.9
Bradley Beal,PHX,53,32.1,4.5,2.00,3.8,40.6,1.4,3.5,40.6,59.4
Branden Carlson,OKC,32,7.7,2.1,1.00,2,33.8,0.7,2,34.4,50.8
Brandin Podziemski,GSW,64,26.8,3.5,1.00,2.9,39.4,1.1,2.9,39.7,58.8
Brandon Boston,NOP,42,23.6,2.6,1.00,2.1,43.7,0.8,2,41,63.2
Brandon Clarke,MEM,64,18.9,0.5,0.00,0.7,34,0,0.3,5.9,35.1
Brandon Ingram,TOR,18,33.1,5.3,2.00,4.3,42.3,1.6,3.9,40.8,60.9
Brandon Miller,CHA,27,34.2,8.2,3.00,7.1,38.5,2.7,7.1,38.2,57.6
Brandon Williams,DAL,33,14.8,1.7,1.00,1.2,47.5,0.5,1.1,48.6,70
Braxton Key,GSW,3,3.6,0,0.00,0.3,0,0,0.3,0,0
Brice Sensabaugh,UTA,71,20.2,5,2.00,3.9,43.3,1.7,3.8,43.7,64.7
Bronny James,LAL,27,6.7,0.3,0.00,0.6,18.8,0.1,0.6,20,28.1
Brook Lopez,MIL,80,31.8,5.6,2.00,5.1,38,1.7,4.5,37.2,54.1
Bruce Brown,NOP,41,22.5,2,1.00,2.2,33.3,0.6,1.8,32,46.7
Bruno Fernando,TOR,17,8.6,0.1,0.00,0.3,20,-,-,-,20
Bryce McGowens,POR,13,2.5,0,0.00,0.2,0,0,0.2,0,0
Bub Carrington,WAS,82,30,2.5,1.00,2.6,32.7,0.8,2.5,32.5,48.2
Buddy Hield,GSW,82,22.7,5.6,2.00,4.8,39.1,1.8,4.7,39.1,58.1
CJ McCollum,NOP,56,32.7,5.2,2.00,4.3,41.3,1.7,4.1,40.1,60.5
Cade Cunningham,DET,70,35,2.6,1.00,2.2,39.1,0.8,2.1,39.2,57.7
Caleb Houstan,ORL,58,13.6,3.1,1.00,2.6,40,1,2.6,39.9,59.7
Caleb Martin,DAL,45,27.1,2.4,1.00,2.3,37.3,0.7,1.8,41.3,53.4
Cam Christie,LAC,13,4.5,0.5,0.00,0.5,28.6,0.2,0.5,28.6,42.9
Cam Reddish,LAL,33,17.9,1.2,0.00,1.4,27.7,0.4,1.3,29.5,41.5
Cam Spencer,MEM,25,10.1,1.7,1.00,1.6,35,0.6,1.6,35.9,52.5
Cam Thomas,BKN,25,31.2,2.7,1.00,2.7,35.8,0.8,2.5,32.3,50.7
Cam Whitmore,HOU,51,16.2,1.9,1.00,2,32,0.6,1.9,32.7,48
Cameron Johnson,BKN,57,31.6,6.3,2.00,5.2,40.5,2.1,5.1,40.3,60
Cameron Payne,NYK,72,15.1,1.8,1.00,1.8,32.6,0.6,1.8,32.8,48.9
Caris LeVert,ATL,64,24.9,3.1,1.00,3,35.4,1,2.9,35.6,53.2
Cason Wallace,OKC,68,27.6,3,1.00,2.7,37.2,1,2.7,37,55.5
Charles Bassey,SAS,36,10.4,0.3,0.00,0.3,41.7,-,-,-,41.7
Chet Holmgren,OKC,32,27.4,4.1,2.00,3.8,38.5,1.2,3.3,36.2,54.1
Chris Boucher,TOR,50,17.2,4,1.00,3.6,37.6,1.3,3.5,37.9,55.8
Chris Duarte,CHI,17,4.4,0.7,0.00,0.4,66.7,0.2,0.4,66.7,100
Chris Livingston,MIL,21,5,0,0.00,0.4,0,0,0.4,0,0
Chris Paul,SAS,82,28,1.9,1.00,1.7,38,0.6,1.6,38.1,56.6
Christian Braun,DEN,79,33.9,2.7,1.00,2.3,39.2,0.9,2.2,38.6,58
Christian Koloko,LAL,37,9.2,0,0.00,0.1,0,0,0.1,0,0
Chuma Okeke,CLE,9,21.9,3.3,1.00,2.7,41.7,1.1,2.7,41.7,62.5
Clint Capela,ATL,55,21.4,0,0.00,0.1,16.7,0,0,0,16.7
Coby White,CHI,74,33.1,5.2,2.00,4.5,38.2,1.7,4.5,38.4,57.2
Cody Martin,PHX,53,22.1,2.1,1.00,2.5,29.5,0.6,2.3,27.4,42.4
Cody Williams,UTA,50,21.2,2,1.00,2.6,26.4,0.7,2.6,26.4,39.5
Colby Jones,WAS,39,13.2,0.7,0.00,0.9,29.4,0.2,0.8,29,42.6
Cole Anthony,MEM,67,18.4,2.4,1.00,2.3,34.4,0.8,2.3,34.6,51.6
Cole Swider,IND,10,16.9,3.9,1.00,3.8,34.2,1.3,3.7,35.1,51.3
Colin Castleton,TOR,26,16.6,0.6,0.00,0.9,30.4,0.1,0.6,13.3,34.8
Collin Gillespie,PHX,33,14,2.5,1.00,1.9,42.2,0.8,1.9,43.5,63.3
Collin Sexton,UTA,63,27.9,2.8,1.00,2.1,44,0.9,2,43.8,64.9
Corey Kispert,WAS,61,26.3,5.2,2.00,4.7,37.1,1.7,4.6,37,55.2
Cory Joseph,ORL,50,12.2,2,1.00,1.8,37.4,0.7,1.8,38.2,56
Craig Porter Jr.,CLE,51,10.1,0.5,0.00,0.4,44.4,0.2,0.4,44.4,66.7
Cui Cui,BKN,5,2.1,0,0.00,0.6,0,0,0.6,0,0
D'Angelo Russell,BKN,58,25.5,2.7,1.00,3.3,27.4,0.9,3.2,27.7,40.8
D.J. Carton,TOR,4,8.3,0,0.00,0.8,0,0,0.8,0,0
DaQuan Jeffries,CHA,47,22.8,3.2,1.00,3.2,33.3,1,3.1,33.1,49.7
Daeqwon Plowden,ATL,6,11.9,4.5,2.00,2.8,52.9,1.5,2.8,52.9,79.4
Daishen Nix,MIN,3,4.4,0,0.00,0.3,0,0,0.3,0,0
Dalano Banton,POR,67,16.7,2.6,1.00,2.5,34.7,0.9,2.5,35.1,52.1
Dalen Terry,CHI,73,13.5,1.5,1.00,1.4,36,0.5,1.3,36.7,54
Dalton Knecht,LAL,78,19.2,4.1,1.00,3.6,37.6,1.3,3.6,37.4,56.2
Damian Lillard,MIL,58,36.1,4.4,2.00,3.6,41.3,1.5,3.5,41.5,61.8
Damion Baugh,CHA,15,24.7,2.3,1.00,3.2,25,0.7,3.1,23.9,36.5
Damion Lee,PHX,25,5.8,1,0.00,1.3,28.1,0.3,1.2,26.7,40.6
Daniel Gafford,DAL,57,21.5,0.1,0.00,0.1,66.7,-,-,-,66.7
Daniel Theis,NOP,38,16.3,1,0.00,1.3,27.5,0.2,0.9,25,36.3
Daniss Jenkins,DET,7,3.2,0,0.00,0.6,0,0,0.6,0,0
Danté Exum,DAL,20,18.6,3.2,1.00,2.1,50,1.1,2.1,50,75
Dario Šarić,DEN,16,13.1,1.4,1.00,1.8,28.6,0.4,1.5,29.2,41.1
Dariq Whitehead,BKN,20,12.3,4.8,2.00,3.2,50,1.6,3.2,50,75
Darius Garland,CLE,75,30.7,4,1.00,3.2,42,1.3,3.1,41.8,62.4
David Duke Jr.,SAS,6,5.6,1.5,1.00,1,50,0.5,1,50,75
David Roddy,HOU,33,12.4,1.4,1.00,1.5,30,0.5,1.5,30,45
Davion Mitchell,MIA,74,27.4,2.3,1.00,2,39,0.8,2,39.3,58.6
Day'Ron Sharpe,BKN,50,18.1,0.9,0.00,1,32.7,0.2,0.9,25.6,43.3
De'Aaron Fox,SAS,62,36.1,3.1,1.00,3.2,32.7,1,3.1,31.6,47.7
De'Andre Hunter,CLE,64,27.2,6,2.00,4.9,41.7,1.9,4.7,40.7,61.1
De'Anthony Melton,BKN,6,20.2,5,2.00,4.2,40,1.7,4.2,40,60
DeAndre Jordan,DEN,56,12.3,0,0.00,0,-,-,-,-,-
DeMar DeRozan,SAC,77,35.9,3.4,1.00,3.5,37,0.8,2.4,35,48.9
Dean Wade,CLE,59,21.2,3.9,1.00,3.6,36,1.3,3.6,36,54
Deandre Ayton,POR,40,30.1,3.1,2.00,3.7,39.5,0.2,0.8,19.4,41.5
Dejounte Murray,NOP,31,32.6,2.7,1.00,3,29.8,0.9,2.9,31.5,44.7
Delon Wright,NYK,40,15.9,1.4,1.00,1.4,32.1,0.5,1.4,32.1,48.2
Deni Avdija,POR,72,30,3.9,1.00,3.8,34.9,1.3,3.7,35.5,52.2
Dennis Schröder,DET,75,28.1,3.4,1.00,3.3,35.2,1.1,3.2,35,52.2
Dereck Lively II,DAL,36,23.1,0.1,0.00,0.1,50,-,-,-,50
Derrick Jones Jr.,LAC,77,24.3,3.1,1.00,2.7,38.1,1,2.7,37.4,56.4
Derrick White,BOS,76,33.9,7.4,3.00,6.1,41,2.5,6,40.9,61.3
Desmond Bane,ORL,69,32,3.5,1.00,2.8,42.5,1.1,2.6,42.3,62.4
Devin Booker,PHX,75,37.3,4.1,2.00,3.9,38.1,1.2,3.3,36.5,53.5
Devin Carter,SAC,36,11,1,0.00,1,34.3,0.3,1,34.3,51.4
Devin Vassell,SAS,64,31,6,2.00,5.3,38.8,1.9,5,38.1,56.6
Dillon Brooks,HOU,75,31.8,6.5,2.00,5.3,42,2.1,5.1,40.9,62
Dillon Jones,OKC,54,10.2,0.9,0.00,1,28.6,0.3,1,27.3,42
Domantas Sabonis,SAC,70,34.7,3.3,1.00,2.9,43,0.9,2.2,41.1,58.5
Dominick Barlow,ATL,35,10.7,0.8,0.00,1.1,28.2,0.2,0.8,25.9,37.2
Donovan Clingan,POR,67,19.8,0.7,0.00,0.7,32.6,0.2,0.7,31.8,47.8
Donovan Mitchell,CLE,71,31.4,4.2,1.00,3.6,39.6,1.4,3.4,40.6,59
Donte DiVincenzo,MIN,62,25.9,6.1,2.00,5,40.8,2,5,40.8,61.3
Dorian Finney-Smith,LAL,63,28.9,6,2.00,4.8,41.3,2,4.8,41.3,61.8
Doug McDermott,SAC,42,8.1,2.9,1.00,2.2,43.6,1,2.2,44.1,65.4
Draymond Green,GSW,68,29.2,3.6,1.00,3.7,33.6,1.1,3.4,32.1,48.4
Drew Eubanks,LAC,61,12.2,0.2,0.00,0.2,40,0,0.1,40,50
Drew Peterson,BOS,25,7.4,0.8,0.00,0.9,31.8,0.3,0.9,31.8,47.7
Drew Timme,BKN,9,28.2,4.2,2.00,4.6,36.6,0.9,3.4,25.8,46.3
Dru Smith,MIA,14,19.2,3,1.00,1.7,58.3,1,1.7,58.3,87.5
Duncan Robinson,MIA,74,24.1,4.7,2.00,4.1,38.7,1.6,4.1,38.7,58
Duop Reath,POR,46,10.2,2.2,1.00,2.3,31.7,0.7,2.2,32,47.6
Dwight Powell,DAL,55,10,0.1,0.00,0.1,40,0,0.1,40,60
Dyson Daniels,ATL,76,33.8,3,1.00,2.7,37.6,0.9,2.5,36.8,54.9
E.J. Liddell,CHI,12,4.4,0.8,0.00,0.8,33.3,0.3,0.8,33.3,50
Elfrid Payton,NOP,24,21.3,0.1,0.00,0.1,33.3,0,0.1,33.3,50
Elijah Harkless,UTA,10,13.8,1.8,1.00,2.1,28.6,0.6,2.1,28.6,42.9
Emanuel Miller,CHI,6,4.1,0,0.00,0.2,0,0,0.2,0,0
Emoni Bates,CLE,10,7.5,2.1,1.00,2.3,30.4,0.7,2.1,33.3,45.7
Enrique Freeman,IND,22,8.2,0.1,0.00,0.5,10,0,0.5,10,15
Eric Gordon,PHI,39,19.7,4,1.00,3.2,41.9,1.3,3.2,41.5,62.5
Evan Mobley,CLE,71,30.5,3.3,1.00,2.9,38.8,1,2.7,38.7,56.8
Franz Wagner,ORL,60,33.7,3,1.00,3.4,30.4,1,3.3,29.3,44.6
Fred VanVleet,HOU,60,35.2,4.1,1.00,3.7,37.9,1.4,3.6,37.8,56.6
GG Jackson,MEM,29,15.8,2.9,1.00,2.8,35,1,2.7,35.4,52.5
Gabe Vincent,LAL,72,21.2,3.6,1.00,3.3,36.8,1.2,3.2,37.2,55.1
Garrett Temple,TOR,28,8.1,0.5,0.00,0.9,20.8,0.2,0.8,21.7,31.3
Garrison Mathews,ATL,47,17.6,4.8,2.00,4,40.6,1.6,3.9,40.9,60.4
Gary Harris,ORL,48,14.8,2,1.00,2,34.7,0.6,1.9,33.7,51.1
Gary Payton II,GSW,62,15,1.5,1.00,1.5,33.3,0.5,1.5,33,49.5
Gary Trent Jr.,MIL,74,25.6,5.6,2.00,4.5,41.6,1.8,4.4,41.3,62
Georges Niang,ATL,79,21.5,6,2.00,4.9,40.6,2,4.9,40.9,60.9
Giannis Antetokounmpo,MIL,67,34.2,0.3,0.00,0.4,25,0,0.3,15.8,30.4
Goga Bitadze,ORL,70,20.4,0.3,0.00,0.5,24.3,0,0.4,11.5,28.4
Gradey Dick,TOR,54,29.4,5.6,2.00,4.9,39.5,1.8,4.6,38.3,57.3
Grant Williams,CHA,16,29.9,4.4,2.00,3.8,39.3,1.4,3.6,39.7,58.2
Grayson Allen,PHX,64,24.1,5.9,2.00,4.5,43.4,2,4.5,43.4,65.1
Guerschon Yabusele,PHI,70,27.1,4.4,2.00,3.8,38.6,1.5,3.7,39.2,57.7
Gui Santos,GSW,56,13.6,1.8,1.00,1.8,34.3,0.6,1.7,34,51
Harrison Barnes,SAS,82,27.2,5.1,2.00,3.8,44.3,1.7,3.8,44.1,66.2
Harrison Ingram,SAS,5,7,0,0.00,0.4,0,0,0.2,0,0
Haywood Highsmith,MIA,74,24.6,3.5,1.00,3.1,38.4,1.1,3,38.4,56.8
Herbert Jones,NOP,20,32.4,4,2.00,3.9,37.7,1.1,3.4,32.4,51.9
Hunter Tyson,DEN,51,7.8,1.3,0.00,1.4,31.9,0.4,1.3,33.3,47.8
Immanuel Quickley,TOR,33,27.8,4.1,1.00,3.7,37.7,1.3,3.5,36.8,54.9
Isaac Jones,SAC,40,7.6,0.2,0.00,0.2,37.5,0.1,0.2,37.5,56.3
Isaac Okoro,CLE,55,19.1,2.8,1.00,2.5,37.1,0.9,2.5,37.4,55.7
Isaiah Collier,UTA,71,25.9,1.1,0.00,1.3,28.6,0.4,1.3,28.6,42.9
Isaiah Crawford,SAC,15,3,0,0.00,0.3,0,0,0.3,0,0
Isaiah Hartenstein,OKC,57,27.9,2.4,1.00,2.5,47.5,0,0.3,0,47.5
Isaiah Jackson,IND,5,16.8,0,0.00,0,-,-,-,-,-
Isaiah Joe,OKC,74,21.7,6.3,2.00,4.7,45.8,2.1,4.6,45.4,68
Isaiah Mobley,PHI,1,17.4,3,1.00,3,33.3,1,3,33.3,50
Isaiah Stevens,MIA,3,1.8,0,0.00,0,-,0,0,-,-
Isaiah Stewart,DET,72,19.9,0.8,0.00,0.8,36.1,0.2,0.7,34,49.2
Isaiah Wong,CHA,20,13.3,1,0.00,0.9,41.2,0.3,0.8,40,58.8
Ivica Zubac,LAC,80,32.8,1,1.00,0.9,54.3,-,-,-,54.3
JD Davison,BOS,16,5.8,0.4,0.00,0.8,16.7,0.1,0.8,16.7,25
JT Thor,WAS,20,12.5,1,0.00,1.1,31.8,0.3,1,30,45.5
Ja Morant,MEM,50,30.4,2.6,1.00,2.6,33.3,0.9,2.6,33.6,50
Ja'Kobe Walter,TOR,52,21.2,3.3,1.00,3,37.2,1.1,3,37.4,55.8
Jabari Smith Jr.,HOU,57,30.1,5.1,2.00,4.6,37.9,1.6,4.3,37.3,55.4
Jabari Walker,POR,60,12.5,1.4,1.00,1.3,37.7,0.5,1.2,38.6,55.2
Jack McVeigh,HOU,9,4.8,1.3,0.00,1.2,36.4,0.4,1.2,36.4,54.5
Jackson Rowe,GSW,6,8.6,1,0.00,1.3,25,0.3,1.3,25,37.5
Jacob Toppin,ATL,17,4.4,0.7,0.00,0.5,44.4,0.2,0.5,50,66.7
Jaden Hardy,DAL,57,15.9,3.2,1.00,2.7,39.6,1.1,2.6,40.7,59.4
Jaden Ivey,DET,30,29.9,3.9,1.00,2.9,45.3,1.3,2.8,45.2,67.4
Jaden McDaniels,MIN,82,31.9,3.2,1.00,3.3,33.2,1.1,3.2,33.2,49.6
Jaden Springer,UTA,43,8.5,0.7,0.00,0.9,25.6,0.2,0.9,25.6,38.5
Jae Crowder,SAC,9,11.4,1.6,1.00,1.7,33.3,0.4,1.6,28.6,46.7
Jae'Sean Tate,HOU,52,11.3,0.9,0.00,0.8,37.2,0.3,0.8,37.2,55.8
Jahlil Okafor,IND,1,3.4,0,0.00,0,-,-,-,-,-
Jahmir Young,CHI,6,4.9,0.5,0.00,0.3,50,0.2,0.3,50,75
Jaime Jaquez Jr.,MIA,66,20.7,1.5,1.00,1.5,31.4,0.5,1.5,32.3,47.1
Jake LaRavia,SAC,66,20.4,2.3,1.00,1.8,43.6,0.8,1.7,43.9,65
Jakob Poeltl,TOR,57,29.6,2,1.00,1.9,51.8,0,0,100,52.3
Jalen Bridges,PHX,8,3.8,0.8,0.00,0.8,33.3,0.3,0.8,33.3,50
Jalen Brunson,NYK,65,35.4,2.4,1.00,1.9,41.9,0.8,1.9,42.1,62.5
Jalen Duren,DET,78,26.1,0,0.00,0,50,-,-,-,50
Jalen Green,HOU,82,32.9,4.2,1.00,3.5,40.4,1.3,3.3,40.9,59.6
Jalen Hood-Schifino,PHI,15,21,1,0.00,1.2,27.8,0.3,1.1,31.3,41.7
Jalen Johnson,ATL,36,35.7,3.6,1.00,3.5,35.7,1.1,3.2,33.6,51.2
Jalen McDaniels,SAC,4,1.8,0,0.00,0,-,-,-,-,-
Jalen Pickett,DEN,49,13.6,1.7,1.00,1.7,35.4,0.5,1.6,33.8,51.2
Jalen Smith,CHI,64,15,3.3,1.00,3.4,31.8,1.1,3.3,32.4,47.5
Jalen Suggs,ORL,35,28.6,4.5,2.00,4.3,35.1,1.5,4.2,34.5,52
Jalen Williams,OKC,69,32.4,3.9,1.00,3.3,40.4,1.3,3.2,39.5,59.6
Jalen Wilson,BKN,79,25.7,4.6,2.00,4.4,35,1.5,4.3,34.9,52.2
Jamal Cain,NOP,37,13.6,1.7,1.00,1.8,31.3,0.5,1.8,30.3,46.3
Jamal Murray,DEN,67,36.1,3.3,1.00,2.8,39.6,1.1,2.7,39.4,58.6
Jamal Shead,TOR,75,19.6,2.2,1.00,2.1,34.6,0.7,2.1,34.6,51.9
Jamaree Bouyea,MIL,5,12.3,0,0.00,0.6,0,0,0.6,0,0
James Harden,LAC,79,35.3,1.9,1.00,1.5,42,0.6,1.5,42,63
James Johnson,IND,12,3.1,0,0.00,0.3,0,0,0.3,0,0
James Wiseman,IND,1,4.6,2,1.00,3,33.3,0,1,0,33.3
Jamison Battle,TOR,59,17.7,4.7,2.00,3.9,40.4,1.5,3.8,40.4,60.2
Jarace Walker,IND,75,15.8,2,1.00,1.7,41.1,0.7,1.6,40.7,61.3
Jared Butler,PHI,60,17.4,1.9,1.00,1.7,38.4,0.6,1.7,38.4,57.6
Jared McCain,PHI,23,25.7,4.7,2.00,3.6,43.9,1.6,3.6,43.9,65.9
Jared Rhoden,TOR,14,16.2,1.9,1.00,2.4,27.3,0.6,2.4,27.3,40.9
Jaren Jackson Jr.,MEM,74,29.8,5.4,2.00,4.6,40.1,1.7,4.4,39.5,59
Jarred Vanderbilt,LAL,36,16.1,0.8,0.30,0.9,28.1,0.3,0.9,28.1,42.2
Jarrett Allen,CLE,82,28,0.5,0.20,0.5,46.3,0,0,0,46.3
Javonte Green,CLE,68,18.5,2,0.70,2,32.8,0.7,2,33.1,49.3
Jaxson Hayes,LAL,56,19.5,0,0.00,0.1,16.7,0,0.1,0,16.7
Jay Huff,MEM,64,11.7,3.6,1.20,3.1,38.5,1.2,3,39.7,57.8
Jaylen Brown,BOS,63,34.3,3.3,1.20,3.1,37.6,1,2.9,35.7,54.4
Jaylen Clark,MIN,40,13,1.7,0.60,1.2,44.9,0.6,1.2,44.9,67.3
Jaylen Martin,WAS,16,14.9,0.9,0.30,1.3,25,0.3,1.3,25,37.5
Jaylen Nowell,WAS,8,21,3.3,1.10,2.6,42.9,1,2.5,40,61.9
Jaylen Sims,CHA,6,18.6,2,0.70,1.8,36.4,0.7,1.8,36.4,54.5
Jaylen Wells,MEM,79,25.9,4.7,1.60,4.5,35.6,1.5,4.2,35.1,52
Jaylin Williams,OKC,47,16.7,4,1.40,3.4,40.3,1.3,3.1,39.9,58.8
Jaylon Tyson,CLE,47,9.6,1.1,0.40,1.1,31.5,0.4,1.1,32.1,47.2
Jayson Tatum,BOS,72,36.4,3.5,1.20,3,40.8,1.1,2.7,40,59.2
Jazian Gortman,DAL,16,3.5,0.4,0.10,0.5,25,0.1,0.5,25,37.5
Jeff Dowtin Jr.,PHI,41,15.1,0.7,0.20,0.7,34.5,0.2,0.7,35.7,51.7
Jeff Green,HOU,32,12.4,2.6,0.90,2.2,39.4,0.8,2.2,37.7,57.7
Jerami Grant,POR,47,32.4,6.7,2.30,6.1,36.9,2.2,6,37,55.1
Jeremiah Robinson-Earl,NOP,66,18.8,2.7,0.90,2.5,37.2,0.8,2.3,36.4,54.3
Jeremy Sochan,SAS,54,25.3,1.7,0.60,1.8,32.7,0.5,1.6,31.4,46.4
Jericho Sims,MIL,53,11.9,0,0.00,0,50,-,-,-,50
Jesse Edwards,MIN,2,2.3,0,0.00,0,-,-,-,-,-
Jett Howard,ORL,60,11.7,2.3,0.80,2.4,32.4,0.8,2.4,31.9,48.3
Jevon Carter,CHI,36,8.9,1.6,0.60,1.5,36.4,0.5,1.4,36.5,53.6
Jimmy Butler III,GSW,55,31.7,1.4,0.50,1.6,33.7,0.4,1.3,29.2,45.9
Jock Landale,HOU,42,11.9,1.2,0.50,1.1,45.7,0.2,0.5,40.9,55.4
Joe Ingles,MIN,19,6,0.3,0.10,0.4,25,0.1,0.4,25,37.5
Joel Embiid,PHI,19,30.2,4.6,1.80,4.8,37.4,1.1,3.3,31.7,48.4
John Collins,UTA,40,30.5,4.6,1.60,3.8,41.2,1.4,3.5,40,59.5
John Konchar,MEM,46,12.1,1.5,0.50,1.3,37.7,0.5,1.3,38.3,56.6
Johnny Davis,WAS,34,7.1,0.3,0.10,0.4,20,0.1,0.4,20,30
Johnny Furphy,IND,50,7.6,0.9,0.30,1,31.3,0.3,0.9,32.6,46.9
Johnny Juzang,UTA,64,19.8,4.7,1.60,4,38.9,1.5,4,38.8,58.2
Jonas Valančiūnas,SAC,81,18.8,1.5,0.70,1.6,43.6,0.1,0.4,22.9,46.6
Jonathan Isaac,ORL,71,15.4,1.9,0.70,2.4,28.7,0.5,2,26.9,40.4
Jonathan Kuminga,GSW,47,24.3,2.5,0.80,2.5,33.6,0.8,2.4,34.8,50.4
Jonathan Mogbo,TOR,63,20.4,0.9,0.30,1.1,27.1,0.3,1,26.6,39.3
Jordan Clarkson,UTA,37,26,3.6,1.20,3.4,36,1.2,3.1,37.1,53.2
Jordan Goodwin,LAL,29,18.7,2.6,0.90,2,42.4,0.8,2,41.4,62.7
Jordan Hawkins,NOP,56,23.6,4.5,1.50,4.3,35.4,1.4,4.2,34.6,52.3
Jordan McLaughlin,SAS,46,6.8,0.5,0.20,0.6,30.8,0.2,0.6,30.8,46.2
Jordan Miller,LAC,37,11.4,0.6,0.20,0.9,25,0.2,0.9,25,37.5
Jordan Poole,WAS,68,29.4,4.6,1.50,4.2,37,1.5,4.1,36.6,54.9
Jordan Walsh,BOS,52,7.8,0.8,0.30,1,27.5,0.3,1,27.5,41.2
Jose Alvarado,NOP,56,24.4,3.8,1.30,3.6,35.7,1.3,3.6,35.7,53.5
Josh Christopher,MIA,14,5,0.4,0.10,0.6,25,0.1,0.6,25,37.5
Josh Giddey,CHI,70,30.2,3.7,1.20,3.2,38.8,1.2,3.1,38.4,57.4
Josh Green,CHA,68,27.8,4.1,1.40,3.5,39.8,1.4,3.4,39.9,59.5
Josh Hart,NYK,77,37.6,2.4,0.80,2.5,32.6,0.8,2.3,33.3,48.2
Josh Minott,MIN,46,6,0.9,0.30,0.9,34.1,0.3,0.9,34.1,51.2
Josh Okogie,CHA,40,15.6,2,0.70,2.1,32.9,0.7,2,33.3,49.4
Josh Richardson,MIA,8,18.7,2.5,0.90,3.1,28,0.8,2.6,28.6,40
Jrue Holiday,BOS,62,30.6,3.8,1.30,3.2,39.9,1.3,3.2,40.1,59.8
Julian Champagnie,SAS,82,23.6,5.7,1.90,5.1,37.2,1.9,5.1,37.1,55.7
Julian Phillips,CHI,79,14.2,1.9,0.60,1.9,32.5,0.6,1.9,32.7,48.7
Julian Strawther,DEN,65,21.3,3.6,1.20,3.3,35.8,1.2,3.3,35.8,53.7
Julius Randle,MIN,69,32.3,3.4,1.10,3.3,35.1,1.1,3.2,35.3,52.4
Justin Champagnie,WAS,62,21.6,3.5,1.20,2.8,42,1.2,2.8,41.9,62.6
Justin Edwards,PHI,44,26.2,4,1.30,3.7,36,1.3,3.6,36.3,54
Justin Minaya,POR,19,5.3,0.3,0.10,0.5,20,0.1,0.5,20,30
Jusuf Nurkić,CHA,51,20.8,1.9,0.60,2,32.7,0.6,1.8,31.9,47
KJ Martin,UTA,43,21.2,1.1,0.40,1.3,27.6,0.3,1.3,26.3,40.5
KJ Simpson,CHA,36,23.4,1.6,0.50,2.1,24.7,0.5,2.1,24.7,37
Kai Jones,DAL,40,11.7,0.2,0.10,0.1,75,0,0,0,75
Karl-Anthony Towns,NYK,72,35,5.7,1.90,4.3,45.3,1.8,3.9,46.2,66.3
Karlo Matković,NOP,42,18.8,1.8,0.60,1.8,35.1,0.5,1.6,31.8,48.7
Kawhi Leonard,LAC,37,31.9,4.2,1.50,3.4,43.7,1.3,3,42.7,62.3
Keaton Wallace,ATL,31,16.2,2,0.70,1.9,35.6,0.7,1.9,35.6,53.4
Keegan Murray,SAC,76,34.3,5.8,1.90,5.4,35.3,1.9,5.3,35.7,52.8
Keion Brooks Jr.,NOP,14,23.7,2.8,0.90,3,31,0.9,2.9,32.5,46.4
Kel'el Ware,MIA,64,22.2,1.8,0.60,1.9,33.9,0.5,1.6,31.7,47.1
Keldon Johnson,SAS,77,23.9,2.7,0.90,3,29.9,0.9,3,30.3,44.8
Kelly Olynyk,NOP,44,20.2,2.1,0.80,1.8,40.7,0.6,1.5,41.5,57.4
Kelly Oubre Jr.,PHI,60,34.6,3.3,1.10,3.3,33,1.1,3.3,33,49.3
Kenrich Williams,OKC,69,16.4,2.7,0.90,2.2,40.5,0.9,2.2,40.9,60.5
Kentavious Caldwell-Pope,MEM,77,29.6,3.8,1.30,3.6,36.6,1.2,3.4,35.7,53.6
Keon Ellis,SAC,80,24.4,4.4,1.50,3.4,44.2,1.4,3.3,43.3,65.4
Keon Johnson,BKN,79,24.4,4,1.40,4,34.1,1.3,3.9,34.1,50.8
Keshad Johnson,MIA,16,6.1,0.4,0.10,0.4,33.3,0.1,0.4,33.3,50
Kessler Edwards,DAL,40,15.2,1.8,0.60,1.4,43.6,0.6,1.3,43.1,63.6
Kevin Durant,PHX,62,36.5,7.6,2.70,5.7,47.7,2.2,4.8,45.6,66.9
Kevin Huerter,CHI,69,24.3,4.3,1.40,4.4,32.8,1.4,4.3,32.6,48.8
Kevin Knox II,GSW,14,6,0.6,0.20,1,21.4,0.2,1,21.4,32.1
Kevin Love,MIA,23,10.9,2.7,0.90,2.6,35,0.8,2.4,34.5,50.8
Kevin McCullar Jr.,NYK,4,7.3,0,0.00,0.3,0,0,0.3,0,0
Kevin Porter Jr.,MIL,75,19.8,0.9,0.30,0.9,33.3,0.3,0.9,30.8,47.8
Kevon Looney,GSW,76,15,0.3,0.10,0.4,32.3,0,0.1,50,35.5
Keyonte George,UTA,67,31.5,4,1.40,3.7,36.7,1.3,3.6,36.5,54.4
Khris Middleton,WAS,37,22.8,2.1,0.80,1.9,40,0.6,1.7,36.5,56.4
Killian Hayes,BKN,6,27.1,3.5,1.20,2.8,41.2,1.2,2.7,43.8,61.8
Klay Thompson,DAL,72,27.3,7.6,2.60,6.2,41.7,2.4,5.7,42.4,61.2
Kobe Brown,LAC,40,6.8,0.5,0.20,0.6,25,0.2,0.6,25,37.5
Kobe Bufkin,ATL,10,12.4,0.9,0.30,1.4,21.4,0.3,1.4,21.4,32.1
Kris Dunn,LAC,74,24.1,2.8,0.90,2.8,32.9,0.9,2.8,33.2,49.3
Kris Murray,POR,69,15.1,1,0.30,1.5,23.1,0.3,1.5,22.5,34.1
Kristaps Porziņģis,BOS,42,28.8,7.7,2.60,6,44,2.4,5.6,42.7,63.9
Kyle Anderson,MIA,61,16.4,1.1,0.40,1.1,37.9,0.3,0.9,37,53
Kyle Filipowski,UTA,72,21.1,3,1.00,2.9,35.2,1,2.8,34.7,51.9
Kyle Kuzma,MIL,65,29.8,3.3,1.10,3.6,31.6,1.1,3.4,32,47
Kyle Lowry,PHI,35,18.8,1.8,0.60,1.8,32.8,0.6,1.8,33.3,49.2
Kylor Kelley,LAL,11,11.5,0.2,0.10,0.3,33.3,-,-,-,33.3
Kyrie Irving,DAL,50,36.1,4,1.40,3.1,44.2,1.3,2.9,43.8,64.6
Kyshawn George,WAS,68,26.5,4,1.30,3.9,34.6,1.3,3.8,34.5,51.7
LaMelo Ball,CHA,47,32,5.2,1.70,4.7,37.1,1.7,4.6,36.7,55.2
Lamar Stevens,MEM,17,9.1,1.2,0.40,1.4,29.2,0.4,1.4,29.2,43.8
Landry Shamet,NYK,50,15.2,3.1,1.00,2.4,43,1,2.3,44.4,64.5
Larry Nance Jr.,ATL,24,19.3,4.4,1.50,3.3,45.6,1.4,3.1,44.6,66.5
Lauri Markkanen,UTA,47,31.4,8.2,2.70,8,34.2,2.7,7.8,35,51.2
LeBron James,LAL,70,34.9,4,1.40,3.2,42.9,1.2,2.9,42,61.9
Leonard Miller,MIN,13,2.4,0,0.00,0.3,0,0,0.3,0,0
Lester Quinones,NOP,13,14.1,2.3,0.80,2.2,35.7,0.8,2.2,35.7,53.6
Liam Robbins,MIL,13,4.4,0,0.00,0.2,0,0,0.2,0,0
Lindy Waters III,DET,52,15,3,1.00,3,33.1,1,2.9,33.1,49
Lonnie Walker IV,PHI,20,23.8,4.9,1.70,4.3,38.8,1.6,4.2,38.1,57.6
Lonzo Ball,CHI,35,22.2,4.3,1.40,4.4,32.7,1.4,4.3,32.5,48.7
Luguentz Dort,OKC,71,29.2,6.4,2.20,5.1,42.5,2.1,5,42.2,63.2
Luka Dončić,LAL,50,35.4,2.9,1.00,2.6,39.2,0.9,2.4,36.9,56.5
Luka Garza,MIN,39,5.6,0.9,0.30,1,30.8,0.3,0.9,28.6,43.6
Luke Kennard,MEM,65,22.6,4.4,1.50,3.2,46.8,1.4,3,46.9,69
Luke Kornet,BOS,73,18.6,0.1,0.00,0.1,50,0,0,0,50
Luke Travers,CLE,12,7.3,0,0.00,0.6,0,0,0.6,0,0
Mac McClung,ORL,2,5.1,0,0.00,0.5,0,0,0.5,0,0
Malachi Flynn,SAS,4,10.9,0.8,0.30,1,25,0.3,1,25,37.5
Malaki Branham,SAS,47,9.1,1.7,0.60,1.4,41.5,0.6,1.4,42.2,62.3
Malcolm Brogdon,WAS,24,23.5,1.6,0.50,1.5,36.1,0.5,1.5,37.1,54.2
Malevy Leons,OKC,6,3.5,0,0.00,0.2,0,0,0.2,0,0
Malik Beasley,DET,82,27.8,9,3.00,6.9,43.1,3,6.9,43.1,64.7
Malik Monk,SAC,65,31.6,4,1.30,3.9,34.3,1.3,3.8,34.7,51.4
MarJon Beauchamp,NYK,35,4.5,0.3,0.10,0.4,28.6,0.1,0.4,28.6,42.9
Marcus Bagley,PHI,10,25.3,1.4,0.50,2.8,17.9,0.4,2.7,14.8,25
Marcus Garrett,CHA,4,19.8,2.3,0.80,1.8,42.9,0.8,1.8,42.9,64.3
Marcus Sasser,DET,57,14.2,1.1,0.40,1.1,34.4,0.3,1,33.9,50
Marcus Smart,WAS,34,20,3.2,1.10,3.2,34.3,1.1,3.1,34.3,50.9
Mark Williams,CHA,44,26.6,0.5,0.30,0.9,31.6,0,0.1,0,31.6
Markelle Fultz,SAC,21,8.8,0.7,0.20,0.4,55.6,0.2,0.3,57.1,77.8
Markieff Morris,LAL,15,11,1.9,0.70,2.3,29.4,0.6,2.1,29,42.6
Marvin Bagley III,MEM,31,8.6,0.3,0.10,0.8,12,0.1,0.6,15.8,18
Mason Jones,SAC,10,4.5,0.3,0.10,0.7,14.3,0.1,0.7,14.3,21.4
Mason Plumlee,PHX,74,17.6,0,0.00,0.1,0,0,0,0,0
Matas Buzelis,CHI,80,18.9,3.4,1.10,3.1,36.1,1.1,3.1,36.1,53.8
Matisse Thybulle,POR,15,20.8,3.7,1.30,2.9,44.2,1.2,2.8,42.9,65.1
Matt Ryan,NOP,19,3.6,0.8,0.30,0.9,29.4,0.3,0.8,33.3,44.1
Max Christie,DAL,78,27.3,4.2,1.40,3.4,40.4,1.4,3.4,40.6,60.7
Max Strus,CLE,50,25.5,6,2.00,4.9,41,2,4.9,41,61.5
Maxi Kleber,LAL,34,18.7,1,0.40,1.4,25,0.3,1.4,23.9,36.5
Maxwell Lewis,BKN,28,11.7,1.5,0.50,1.3,40,0.5,1.2,41.2,60
Micah Potter,UTA,38,18.6,2.6,0.90,2.6,33.7,0.8,2.5,32.6,49.5
Michael Porter Jr.,DEN,77,33.7,5.9,2.00,4.9,40.7,1.9,4.6,41.8,60.1
Mikal Bridges,NYK,82,37,6.1,2.10,5.4,39.6,1.8,4.9,37.2,56.3
Mike Conley,MIN,71,24.7,3,1.00,2.3,43.3,1,2.3,43.8,64.9
Miles Bridges,CHA,64,31.7,4.2,1.40,4,34.9,1.4,3.9,34.5,51.7
Miles McBride,NYK,64,24.9,3.7,1.20,3.1,39.6,1.2,3,40.4,59.4
Miles Norris,BOS,3,11.6,2,0.70,2.3,28.6,0.7,2.3,28.6,42.9
Mitchell Robinson,NYK,17,17.1,0,0.00,0,-,-,-,-,-
Mo Bamba,NOP,32,12.9,1.5,0.50,1.8,28.1,0.5,1.7,27.8,41.2
Monte Morris,PHX,45,12.7,1.9,0.60,1.6,39.7,0.6,1.6,38.6,58.2
Moritz Wagner,ORL,30,18.8,2.7,0.90,2.5,36,0.9,2.5,36.5,54
Moses Brown,DAL,13,9.1,0.2,0.10,0.2,50,-,-,-,50
Moses Moody,GSW,74,22.3,4.5,1.50,4.1,35.9,1.5,4,36.9,53.9
Mouhamed Gueye,ATL,33,16.1,2.1,0.70,2.6,27.9,0.6,2.4,26.6,40.1
Moussa Diabaté,CHA,71,17.5,0.1,0.10,0.2,31.3,0,0.1,0,31.3
Myles Turner,IND,72,30.2,7.2,2.60,6.1,43,2,4.9,40.2,59.4
N'Faly Dante,HOU,4,12.7,0,0.00,0,-,-,-,-,-
Nae'Qwan Tomlin,CLE,5,12.7,1.2,0.40,1.4,28.6,0.4,1.4,28.6,42.9
Naji Marshall,DAL,69,27.8,2.6,0.90,2.8,32.3,0.8,2.7,31,47.4
Nate Williams,HOU,20,7.3,0.9,0.30,1.2,25,0.3,1.2,25,37.5
Naz Reid,MIN,80,27.5,5.3,1.80,4.8,37.3,1.8,4.7,37.3,55.6
Neemias Queta,BOS,62,13.9,0.1,0.10,0.2,40,0,0,0,40
Nic Claxton,BKN,70,26.9,0.7,0.30,1,31.9,0.1,0.3,21.1,34.8
Nick Richards,PHX,57,22,0.5,0.30,0.5,55.6,0,0,0,55.6
Nick Smith Jr.,CHA,60,22.8,3.9,1.30,3.8,33.6,1.3,3.8,34.2,50.4
Nickeil Alexander-Walker,MIN,82,25.3,4.6,1.60,3.7,42.7,1.5,3.6,42.5,63.5
Nicolas Batum,LAC,78,17.5,3.4,1.10,2.6,44.3,1.1,2.5,44.6,65.7
Nikola Jokić,DEN,70,36.7,5.5,2.00,4.1,48.8,1.5,3.3,45.3,67.1
Nikola Jović,MIA,46,25.1,4.7,1.60,4.2,37.3,1.5,4.1,37.4,55.7
Nikola Vučević,CHI,73,31.2,6.7,2.50,5.8,42.8,1.7,4.4,39.9,57.8
Noah Clowney,BKN,46,22.7,5.3,1.80,5.2,33.8,1.8,5.2,33.8,50.6
Norman Powell,LAC,60,32.6,5.6,1.90,4.2,45.4,1.8,4,45.2,67.1
OG Anunoby,NYK,74,36.6,5.8,1.90,5.1,38.3,1.9,5,37.9,56.8
Obi Toppin,IND,79,19.6,3.8,1.30,3.3,38.3,1.3,3.3,38.2,57
Ochai Agbaji,TOR,64,27.2,4.4,1.50,3.7,39.6,1.5,3.7,39.7,59.4
Olivier-Maxence Prosper,DAL,52,11.2,0.8,0.30,1,27.5,0.2,0.8,27.3,39.2
Onyeka Okongwu,ATL,74,27.9,2.1,0.70,2.1,33.5,0.6,2,32.9,49
Orlando Robinson,TOR,44,17.5,1.5,0.60,1.5,37.3,0.4,1.1,34.7,50
Oscar Tshiebwe,UTA,14,18.2,0.1,0.10,0.4,20,-,-,-,20
Oshae Brissett,PHI,6,23.7,2,0.70,2.7,25,0.7,2.7,25,37.5
Oso Ighodaro,PHX,61,17.1,0.4,0.20,0.5,40,0,0,-,40
Ousmane Dieng,OKC,37,10.9,1.8,0.60,1.6,38.3,0.6,1.5,36.8,55.8
P.J. Tucker,NYK,3,19.3,3,1.00,1.7,60,1,1.7,60,90
P.J. Washington,DAL,57,32.2,3.8,1.30,3.2,40.3,1.2,3.1,39.9,59.9
PJ Dozier,MIN,9,3.9,0.7,0.20,0.3,66.7,0.2,0.3,66.7,100
PJ Hall,DEN,19,3.5,0.4,0.20,0.4,37.5,0.1,0.4,28.6,50
Pacôme Dadiet,NYK,18,6.2,1.1,0.40,1.1,36.8,0.3,1,33.3,52.6
Paolo Banchero,ORL,46,34.4,2.2,0.70,2.2,33.7,0.7,2,34.1,49
Pascal Siakam,IND,78,32.7,5,1.80,4.3,41,1.5,3.8,39.2,58
Pat Connaughton,MIL,41,14.7,1.5,0.50,1.5,31.7,0.5,1.5,32.3,47.6
Pat Spencer,GSW,39,6.4,0.4,0.10,0.4,29.4,0.1,0.4,31.3,44.1
Patrick Baldwin Jr.,LAC,24,4.4,1.5,0.50,0.7,70.6,0.5,0.7,70.6,105.9
Patrick Williams,CHI,63,25,3.4,1.10,3.1,36.5,1.1,3.1,37.1,54.8
Patty Mills,LAC,29,11.1,1.9,0.60,1.8,35.3,0.6,1.8,35.3,52.9
Paul George,PHI,41,32.5,4.1,1.40,3.7,38.7,1.3,3.3,38,56
Paul Reed,DET,45,9.7,1.1,0.40,1.1,41.7,0.2,0.5,33.3,50
Payton Pritchard,BOS,80,28.4,6.5,2.20,4.9,44.5,2.2,4.9,44.5,66.6
Pelle Larsson,MIA,55,14.2,1.6,0.50,1.5,35.4,0.5,1.5,35.8,53
Pete Nance,MIL,13,10.6,2.1,0.70,1.8,39.1,0.7,1.7,40.9,58.7
Peyton Watson,DEN,68,24.3,2,0.70,2,34.8,0.7,1.9,35.7,51.5
Phillip Wheeler,PHI,5,8.9,0,0.00,1.2,0,0,1.2,0,0
Precious Achiuwa,NYK,57,20.5,0.7,0.20,0.8,31.8,0.2,0.6,29.4,43.2
Quentin Grimes,PHI,75,26.8,4,1.30,3.4,39.1,1.3,3.3,39.4,58.7
Quenton Jackson,IND,28,13.6,1.1,0.40,0.9,40,0.4,0.9,40,60
Quincy Olivari,LAL,2,5.2,1.5,0.50,2,25,0.5,2,25,37.5
Quinten Post,GSW,42,16.3,5.3,1.80,4.3,41.8,1.7,4.1,40.8,61.3
RJ Barrett,TOR,58,32.2,5.2,1.70,4.7,36.5,1.7,4.7,36.4,54.6
RayJ Dennis,IND,11,6.4,0.8,0.30,1.2,23.1,0.3,1.2,23.1,34.6
Rayan Rupert,POR,52,8.8,0.8,0.30,0.9,28.9,0.3,0.8,29.5,43.3
Reece Beekman,BKN,36,13,0.6,0.20,1,18.9,0.2,1,19.4,28.4
Reed Sheppard,HOU,52,12.6,2.2,0.70,2.2,33.9,0.7,2.1,35.2,50.9
Reggie Jackson,PHI,31,12.4,1.8,0.60,1.9,32.8,0.6,1.8,34.5,49.1
Richaun Holmes,WAS,31,17.2,0.3,0.10,0.3,50,0,0.1,0,50
Ricky Council IV,PHI,73,17.1,1.9,0.60,2.1,30.3,0.6,2.1,30.5,45.4
Riley Minix,SAS,1,6.7,0,0.00,1,0,0,1,0,0
Rob Dillingham,MIN,49,10.5,0.7,0.20,0.8,29.7,0.2,0.7,30.6,44.6
Robert Williams III,POR,20,17.6,0.3,0.10,0.3,33.3,0.1,0.2,33.3,41.7
Ron Harper Jr.,DET,1,17,0,0.00,6,0,0,6,0,0
Ronald Holland II,DET,81,15.6,1.2,0.40,1.6,25.2,0.4,1.5,24,37
Royce O'Neale,PHX,75,24.5,6.5,2.20,5.2,42.1,2.2,5.1,42.2,63.2
Rudy Gobert,MIN,72,33.2,0,0.00,0.2,7.1,-,-,-,7.1
Rui Hachimura,LAL,59,31.7,5.5,1.90,4.4,43.1,1.7,4.1,41.7,62.3
Russell Westbrook,DEN,75,27.9,2.8,0.90,2.9,33.2,0.9,2.8,33.3,49.5
Ryan Dunn,PHX,74,19.1,3.3,1.10,3.5,31.7,1.1,3.3,31.6,46.6
Ryan Rollins,MIL,56,14.6,2.4,0.80,1.8,43.7,0.8,1.8,43,64.6
Sam Hauser,BOS,71,21.7,5.6,1.90,4.6,40.5,1.8,4.5,40.8,60.6
Sam Merrill,CLE,71,19.7,5,1.70,4.4,38.4,1.6,4.3,38.2,57.3
Sandro Mamukelashvili,SAS,61,11.2,2.7,0.90,2.4,37.2,0.9,2.4,37.4,55.7
Santi Aldama,MEM,65,25.5,5,1.70,4.6,37.1,1.6,4.4,36.6,54.3
Scoot Henderson,POR,66,26.7,2.8,0.90,2.6,36.3,0.9,2.4,36.3,53.2
Scottie Barnes,TOR,65,32.8,2.8,1.00,3.3,31.5,0.8,2.8,27.6,43.2
Scotty Pippen Jr.,MEM,79,21.3,3.1,1.00,2.4,42.7,1,2.4,43.2,64.1
Seth Curry,CHA,68,15.6,2.9,1.00,2.1,47.6,0.9,2,45.6,69
Shaedon Sharpe,POR,72,31.3,3.1,1.00,3.4,30.9,1,3.2,31.3,45.9
Shai Gilgeous-Alexander,OKC,76,34.2,1.7,0.60,1.3,48.5,0.4,1,46.6,65.3
Shake Milton,LAL,57,14.7,1.5,0.50,1.4,37.2,0.5,1.4,37.2,55.8
Sidy Cissoko,POR,22,5.2,0.4,0.10,0.5,25,0.1,0.5,25,37.5
Simone Fontecchio,DET,75,16.5,2.8,0.90,2.7,35.7,0.9,2.6,35.2,53
Skal Labissiere,SAC,4,3,0.8,0.30,0.3,100,0.3,0.3,100,150
Spencer Dinwiddie,DAL,79,27,1.8,0.60,1.8,33.3,0.6,1.7,34.1,50
Spencer Jones,DEN,20,6.2,0.2,0.10,0.9,5.6,0.1,0.9,5.9,8.3
Stanley Umude,MIL,22,3.9,0.4,0.10,0.7,20,0.1,0.7,20,30
Stephen Curry,GSW,70,32.2,6.8,2.30,5.3,43.6,2.2,5.1,43.3,64.5
Stephon Castle,SAS,81,26.7,2.5,0.90,2.8,30.5,0.8,2.7,30.3,45.4
Steven Adams,HOU,58,13.7,0.1,0.10,0.2,21.4,0,0,0,21.4
Svi Mykhailiuk,UTA,38,20,3.2,1.10,2.6,40,1.1,2.6,40.4,60
T.J. McConnell,IND,79,17.9,0.6,0.20,0.6,41.3,0.1,0.4,34.5,52.2
Taj Gibson,CHA,37,11,0.4,0.20,0.5,35,0,0.1,50,37.5
Talen Horton-Tucker,CHI,58,12.5,1.7,0.60,1.6,35.6,0.6,1.6,35.6,53.3
Tari Eason,HOU,57,24.9,3.3,1.10,3.1,35.2,1.1,3,35.3,52.2
Taurean Prince,MIL,80,27.1,5,1.70,3.4,49.6,1.7,3.3,49.8,74.4
Taylor Hendricks,UTA,3,24.8,2,0.70,3.7,18.2,0.7,3.7,18.2,27.3
Taze Moore,POR,2,9.9,1.5,0.50,1.5,33.3,0.5,1.5,33.3,50
Terance Mann,ATL,67,21.1,2.2,0.70,1.7,43.4,0.7,1.6,43.1,64.2
Terence Davis,SAC,1,7.9,0,0.00,1,0,0,1,0,0
Terrence Shannon Jr.,MIN,32,10.6,0.8,0.30,0.8,34.6,0.3,0.8,34.6,51.9
Terry Rozier,MIA,64,25.9,2.6,0.90,2.6,33.1,0.8,2.6,32.7,49.4
Terry Taylor,SAC,3,2.1,0,0.00,0,-,-,-,-,-
Thomas Bryant,IND,66,14.6,2.4,0.80,2.3,37.1,0.7,2.1,33.3,52.3
Tidjane Salaün,CHA,60,20.7,2.1,0.70,2.5,28.4,0.7,2.4,27.8,41.9
Tim Hardaway Jr.,DET,77,28,5.5,1.90,5,37.1,1.8,4.9,37.2,55.3
Tobias Harris,DET,73,31.6,3.7,1.30,3.3,38.4,1.2,3.2,37.2,56.2
Tolu Smith,DET,1,22.4,0,0.00,0,-,-,-,-,-
Tony Bradley,IND,14,8.1,0.4,0.10,0.3,50,0.1,0.2,33.3,62.5
Torrey Craig,BOS,26,12.1,2.3,0.80,2.2,34.5,0.8,2.2,34.5,51.7
Tosan Evbuomwan,BKN,28,23.7,2.2,0.80,2.6,29.2,0.7,2.5,28.6,43.1
Toumani Camara,POR,78,32.7,4.5,1.50,4.1,37.3,1.5,4.1,37.3,56
Trae Young,ATL,76,36,1.6,0.60,1.6,35.5,0.5,1.4,33.6,50.8
Trayce Jackson-Davis,GSW,62,15.6,0,0.00,0,0,0,0,0,0
Tre Jones,CHI,46,19.7,1.2,0.40,1,43.2,0.4,0.9,41.9,63.6
Tre Mann,CHA,13,24.5,3,1.00,2.2,44.8,1,2.2,44.8,67.2
Trendon Watford,BKN,44,20.7,1.7,0.60,1.6,34.7,0.6,1.6,35.7,52.1
Trentyn Flowers,LAC,6,4.4,0,0.00,0.5,0,0,0.3,0,0
Trevelin Queen,ORL,31,13.9,1.4,0.50,1.5,30.4,0.5,1.5,30.4,45.7
Trey Alexander,DEN,24,4.9,0.4,0.10,0.6,20,0.1,0.6,20,30
Trey Jemison III,LAL,38,10.3,0,0.00,0,0,-,-,-,0
Trey Lyles,SAC,69,19.6,3.6,1.20,3.4,36.6,1.2,3.2,35.7,53.9
Trey Murphy III,NOP,53,35,6.6,2.20,5.5,40.1,2.2,5.4,40,59.5
Tristan Thompson,CLE,40,8.2,0,0.00,0.1,0,0,0.1,0,0
Tristan Vukcevic,WAS,35,14.6,3.9,1.50,3.3,44.7,1,2.5,40.4,60.5
Tristan da Silva,ORL,74,22,2.9,1.00,2.9,34.4,0.9,2.7,34,50.2
Tristen Newton,MIN,8,2,0,0.00,0.3,0,0,0.3,0,0
Ty Jerome,CLE,70,19.9,2.4,0.80,1.7,46.7,0.8,1.7,45.4,68.9
TyTy Washington Jr.,PHX,16,7.4,0.6,0.20,0.9,20,0.2,0.9,20,30
Tyler Herro,MIA,77,35.4,5.4,1.80,4.6,40.2,1.8,4.4,39.7,59.3
Tyler Kolek,NYK,41,7.2,1,0.30,0.9,37.8,0.3,0.9,37.8,56.8
Tyler Smith,MIL,23,5.3,1.7,0.60,1.3,41.9,0.5,1.3,41.4,61.3
Tyrese Haliburton,IND,73,33.6,2.6,0.90,2,43,0.9,2,43.2,64.1
Tyrese Martin,BKN,60,21.9,4.4,1.50,3.9,38.1,1.4,3.9,37.1,56.4
Tyrese Maxey,PHI,52,37.7,3.2,1.10,3.1,34.4,1.1,3.1,34.6,51.6
Tyson Etienne,BKN,7,21.6,5.6,1.90,5.9,31.7,1.9,5.9,31.7,47.6
Tyus Jones,PHX,81,26.8,5.4,1.80,4.2,43.6,1.8,4.1,43,64.7
Ulrich Chomche,TOR,7,4.6,0,0.00,0.1,0,-,-,-,0
Vasilije Micic,PHX,41,19.1,1.3,0.40,1.1,38.3,0.4,1.1,37.8,56.4
Victor Wembanyama,SAS,46,33.2,7.5,2.70,6.7,39.6,2.2,5.8,37.7,56
Vince Williams Jr.,MEM,27,18.5,2.4,0.80,2.9,27.8,0.7,2.8,26.3,40.5
Vlatko Čančar,DEN,13,10.4,0.9,0.30,1.2,26.7,0.3,1.2,26.7,40
Vít Krejčí,ATL,57,20.2,3.9,1.30,2.9,45.4,1.3,2.8,45.6,67.8
Walker Kessler,UTA,58,30,0.3,0.10,0.6,16.7,0.1,0.6,17.6,25
Wendell Carter Jr.,ORL,68,25.9,2.3,0.90,3,28.9,0.5,2.3,23.6,38.1
Wendell Moore Jr.,CHA,36,13.9,1.1,0.40,1,38.9,0.4,0.9,38.2,56.9
Xavier Tillman,BOS,33,7,0.5,0.20,0.9,16.1,0.2,0.9,16.1,24.2
Yuki Kawamura,MEM,22,4.2,0.4,0.10,0.5,25,0.1,0.5,25,37.5
Yuri Collins,GSW,2,8.1,0,0.00,0,-,-,-,-,-
Yves Missi,NOP,73,26.8,0.1,0.10,0.2,45.5,0,0,0,45.5
Zaccharie Risacher,ATL,75,24.6,4.7,1.60,4.4,36.4,1.5,4.1,36.7,53.5
Zach Collins,CHI,64,15.3,1.7,0.60,1.9,30.6,0.5,1.6,30.5,43.8
Zach Edey,MEM,66,21.5,0.9,0.30,0.9,33.3,0.3,0.8,34,47.5
Zach LaVine,SAC,74,35.2,3.8,1.30,2.9,44.2,1.2,2.8,44.7,65.4
Zeke Nnaji,DEN,57,10.7,1,0.40,1,33.9,0.3,0.9,32.7,48.3
Ziaire Williams,BKN,63,24.5,4.7,1.60,4.3,36.3,1.6,4.3,36.2,54.2
Zion Williamson,NOP,30,28.6,0.2,0.10,0.2,40,0.1,0.2,40,60
Zyon Pullin,MEM,3,0.9,0,0.00,0,-,-,-,-,-