Player,Team,GP,MIN,W,L,STL,BLK,DREB,DFGM,DFGA,DFG%
A.J. Lawson,TOR,26,18.7,14.00,12,0.5,0.2,2.5,0.9,1.2,76.7
AJ Green,MIL,73,22.7,44.00,29,0.5,0.1,2.1,1.3,1.8,74.2
AJ Johnson,WAS,29,22,8.00,21,0.4,0.1,1.8,2.2,3,74.4
Aaron Gordon,DEN,51,28.4,33.00,18,0.5,0.3,3.3,2.1,3,68.6
Aaron Holiday,HOU,62,12.8,39.00,23,0.3,0.2,1,0.7,1.1,63.8
Aaron Nesmith,IND,45,24.9,29.00,16,0.8,0.4,3.1,1.5,2.8,55.6
Aaron Wiggins,OKC,76,22.9,62.00,14,0.8,0.2,2.8,1.8,2.6,68.7
Adam Flagler,OKC,37,5.5,34.00,3,0.2,0.1,0.5,0.2,0.3,80
Adama Sanogo,CHI,4,5.4,2.00,2,0,0,0.3,0.8,1.8,42.9
Adem Bona,PHI,58,15.6,12.00,46,0.4,1.2,2.6,2.1,3.7,56.9
Ajay Mitchell,OKC,36,16.6,31.00,5,0.7,0.1,1.4,0.8,1,75
Al Horford,BOS,60,27.6,44.00,16,0.6,0.9,4.8,2.2,3.5,62.7
Alec Burks,MIA,49,17.6,26.00,23,0.6,0.1,2.2,0.9,1.3,66.7
Alex Caruso,OKC,54,19.3,44.00,10,1.6,0.6,2.2,0.9,1.7,53.8
Alex Ducas,OKC,21,6,20.00,1,0.2,0,0.8,0.3,0.4,87.5
Alex Len,LAL,46,8.3,21.00,25,0.2,0.5,1.2,1,1.6,64
Alex Reese,PHI,15,14.4,4.00,11,0.7,0.7,2.5,2.5,3.7,67.3
Alex Sarr,WAS,67,27.1,13.00,54,0.7,1.5,4.6,5,8,62.2
Alondes Williams,LAC,1,3.7,0.00,1,0,0,0,0,0,0
Alperen Sengun,HOU,76,31.5,52.00,24,1.1,0.8,6.9,4.1,6.9,58.5
Amen Thompson,HOU,69,32.3,43.00,26,1.4,1.3,5.4,1.8,3.1,56.8
Amir Coffey,LAC,72,24.3,41.00,31,0.6,0.1,1.8,1.2,1.6,74.6
Andre Drummond,PHI,40,18.8,12.00,28,1,0.5,5,2.3,3.3,70.2
Andre Jackson Jr.,MIL,67,14.6,39.00,28,0.5,0.2,1.7,0.9,1.3,68.6
Andrew Nembhard,IND,65,28.9,44.00,21,1.2,0.2,2.8,1.5,2.3,68
Andrew Wiggins,MIA,60,30.7,27.00,33,1,0.8,3,1.7,2.7,63
Anfernee Simons,POR,70,32.7,28.00,42,0.9,0.1,2.3,1.9,2.4,76.9
Anthony Black,ORL,78,24.2,39.00,39,1.1,0.6,2.3,1.6,2.2,71.3
Anthony Davis,DAL,51,33.4,30.00,21,1.2,2.2,8.9,3.4,6,57
Anthony Edwards,MIN,79,36.3,48.00,31,1.2,0.6,4.9,1.7,2.6,66.5
Anthony Gill,WAS,51,7.8,7.00,44,0.2,0,0.9,0.3,0.5,55.6
Anton Watson,NYK,9,2.5,5.00,4,0.1,0,0.2,0.6,0.6,100
Antonio Reeves,NOP,44,15,6.00,38,0.5,0.1,1,1,1.3,76.8
Ariel Hukporti,NYK,25,8.7,17.00,8,0,0.6,1.5,1.3,2.4,54.2
Armel Traore,LAL,9,7.4,5.00,4,0.4,0.2,1.4,0.7,1.2,54.5
Ausar Thompson,DET,59,22.5,34.00,25,1.7,0.7,3.3,1.1,1.7,61.4
Austin Reaves,LAL,73,34.9,46.00,27,1.1,0.3,3.7,2.5,3.3,75.4
Ayo Dosunmu,CHI,46,30.3,17.00,29,0.9,0.4,2.9,1.7,2.6,63.9
Bam Adebayo,MIA,78,34.3,36.00,42,1.3,0.7,7.2,3,4.2,71.4
Baylor Scheierman,BOS,31,12.4,27.00,4,0.5,0.1,1.5,0.7,1,71.9
Ben Sheppard,IND,63,19.5,40.00,23,0.6,0.2,2.1,0.9,1.3,67.5
Ben Simmons,LAC,51,22,26.00,25,0.7,0.5,3.8,1.2,1.8,65.2
Bennedict Mathurin,IND,72,29.9,43.00,29,0.7,0.3,4.1,2.4,3.5,68.5
Bilal Coulibaly,WAS,59,33,13.00,46,1.3,0.7,3.4,2.1,3.2,64
Bismack Biyombo,SAS,28,18.8,10.00,18,0.6,0.8,4.1,2.3,4.3,52.9
Blake Wesley,SAS,58,11.8,23.00,35,0.6,0.1,0.8,0.4,0.6,78.1
Bobby Portis,MIL,49,25.4,30.00,19,0.7,0.5,6.6,2.6,3.7,69.1
Bobi Klintman,DET,8,5.3,4.00,4,0.3,0.1,0.8,0,0.3,0
Bogdan Bogdanović,LAC,54,25,33.00,21,0.8,0.2,2.5,1.7,2.3,73.6
Bol Bol,PHX,36,12.5,10.00,26,0.3,0.7,2.3,0.8,1.4,61.2
Bones Hyland,MIN,24,9.9,11.00,13,0.8,0.2,0.8,0.5,0.7,64.7
Bradley Beal,PHX,53,32.1,22.00,31,1.1,0.5,2.7,2.2,2.9,77
Branden Carlson,OKC,32,7.7,29.00,3,0.2,0.7,1.2,1,1.8,58.9
Brandin Podziemski,GSW,64,26.8,38.00,26,1.1,0.2,4.1,1.4,2,66.4
Brandon Boston,NOP,42,23.6,8.00,34,1.3,0.2,2.5,1.5,1.9,81.3
Brandon Clarke,MEM,64,18.9,40.00,24,0.8,0.6,3.1,1.6,2.8,56.1
Brandon Ingram,TOR,18,33.1,5.00,13,0.9,0.6,4.6,2.4,3.5,69.8
Brandon Miller,CHA,27,34.2,8.00,19,1.1,0.7,3.9,2.1,3.6,58.3
Brandon Williams,DAL,33,14.8,15.00,18,0.7,0.2,1.4,1.3,1.9,69.8
Braxton Key,GSW,3,3.6,3.00,0,0.7,0,0.3,0.3,0.3,100
Brice Sensabaugh,UTA,71,20.2,14.00,57,0.6,0.1,2.4,1.2,1.6,71.9
Bronny James,LAL,27,6.7,17.00,10,0.3,0.1,0.5,0.6,0.8,72.7
Brook Lopez,MIL,80,31.8,47.00,33,0.6,1.9,3.6,4.1,6.9,58.6
Bruce Brown,NOP,41,22.5,15.00,26,0.8,0.2,3,1.4,2,68.7
Bruno Fernando,TOR,17,8.6,2.00,15,0.2,0.5,1.8,0.9,1.5,61.5
Bryce McGowens,POR,13,2.5,8.00,5,0.1,0,0.1,0.2,0.2,100
Bub Carrington,WAS,82,30,18.00,64,0.7,0.3,3.8,1.3,1.7,75.9
Buddy Hield,GSW,82,22.7,48.00,34,0.8,0.3,2.6,1.7,2.4,70.5
CJ McCollum,NOP,56,32.7,17.00,39,0.8,0.4,3,1.7,2.2,77.9
Cade Cunningham,DET,70,35,38.00,32,1,0.8,5.3,2.2,3.7,59.5
Caleb Houstan,ORL,58,13.6,29.00,29,0.4,0.1,1,0.6,0.8,79.5
Caleb Martin,DAL,45,27.1,17.00,28,1,0.5,2.8,2.2,3.2,67.6
Cam Christie,LAC,13,4.5,10.00,3,0.4,0.1,0.7,0.5,0.5,100
Cam Reddish,LAL,33,17.9,15.00,18,1,0.3,1.5,1.1,1.5,73.5
Cam Spencer,MEM,25,10.1,14.00,11,0.4,0,0.7,0.7,0.7,94.4
Cam Thomas,BKN,25,31.2,8.00,17,0.6,0.1,2.7,2.8,3.4,82.1
Cam Whitmore,HOU,51,16.2,30.00,21,0.6,0.3,2.3,0.9,1.2,72.1
Cameron Johnson,BKN,57,31.6,21.00,36,0.9,0.4,3.4,2,3,68.2
Cameron Payne,NYK,72,15.1,46.00,26,0.5,0.2,1.3,0.8,1,74.3
Caris LeVert,ATL,64,24.9,46.00,18,0.9,0.5,2.5,1.6,2.2,71.1
Cason Wallace,OKC,68,27.6,55.00,13,1.8,0.5,2.3,1.5,2.1,69.4
Charles Bassey,SAS,36,10.4,14.00,22,0.4,0.8,2.7,1.8,2.8,61.8
Chet Holmgren,OKC,32,27.4,26.00,6,0.7,2.2,6.5,2.8,6.3,44
Chris Boucher,TOR,50,17.2,18.00,32,0.5,0.5,3.1,1.1,1.7,65.9
Chris Duarte,CHI,17,4.4,4.00,13,0,0,0.9,0.5,0.9,53.3
Chris Livingston,MIL,21,5,15.00,6,0.2,0,1.2,0.5,0.9,61.1
Chris Paul,SAS,82,28,34.00,48,1.3,0.3,3.2,1.6,2.1,79.3
Christian Braun,DEN,79,33.9,48.00,31,1.1,0.5,3.9,1.6,2.4,66.3
Christian Koloko,LAL,37,9.2,23.00,14,0.2,0.4,1.5,1.3,2.2,56.6
Chuma Okeke,CLE,9,21.9,2.00,7,0.6,0.4,2.9,2.2,3,74.1
Clint Capela,ATL,55,21.4,27.00,28,0.6,1,5.4,2.1,3.8,56
Coby White,CHI,74,33.1,35.00,39,0.9,0.2,3.4,1.8,2.4,74.7
Cody Martin,PHX,53,22.1,16.00,37,1.1,0.6,3.2,1.7,2.8,63
Cody Williams,UTA,50,21.2,9.00,41,0.5,0.3,1.7,1.7,2.3,74.6
Colby Jones,WAS,39,13.2,12.00,27,0.7,0.3,1.7,0.8,1.2,67.4
Cole Anthony,MEM,67,18.4,35.00,32,0.7,0.5,2.4,1,1.5,66
Cole Swider,IND,10,17,5.00,5,0.4,0.2,2.2,1.2,1.7,70.6
Colin Castleton,TOR,26,16.6,15.00,11,0.3,0.4,2.7,1.5,2.7,53.5
Collin Gillespie,PHX,33,14,12.00,21,0.6,0.2,1.7,1.3,1.8,71.7
Collin Sexton,UTA,63,27.9,14.00,49,0.7,0.1,1.8,1.2,1.6,71.6
Corey Kispert,WAS,61,26.3,14.00,47,0.4,0.2,2.4,1.6,2.1,73.8
Cory Joseph,ORL,50,12.2,26.00,24,0.5,0.1,1.1,0.9,1.2,77
Craig Porter Jr.,CLE,51,10.1,40.00,11,0.3,0.3,0.9,0.7,1,67.9
Cui Cui,BKN,5,2.1,2.00,3,0,0,0.4,0.4,0.4,100
D'Angelo Russell,BKN,58,25.5,26.00,32,1,0.4,2.4,1.8,2.6,68.9
D.J. Carton,TOR,4,8.3,1.00,3,0.5,0,1,0.5,0.8,66.7
DaQuan Jeffries,CHA,47,22.8,9.00,38,0.6,0.5,2.1,1.2,1.7,71.8
Daeqwon Plowden,ATL,6,11.9,3.00,3,0,0,1.2,1,1.7,60
Daishen Nix,MIN,3,4.4,3.00,0,0,0,1.3,0.3,0.3,100
Dalano Banton,POR,67,16.7,28.00,39,0.6,0.5,1.6,1,1.4,73.9
Dalen Terry,CHI,73,13.5,33.00,40,0.6,0.2,1.2,0.8,1.2,62.2
Dalton Knecht,LAL,78,19.2,47.00,31,0.3,0.1,2.3,1.4,1.8,75
Damian Lillard,MIL,58,36.1,32.00,26,1.2,0.2,4.2,1.7,2.1,79.8
Damion Baugh,CHA,15,24.7,1.00,14,1,0.1,2.4,1.5,1.9,79.3
Damion Lee,PHX,25,5.8,6.00,19,0.2,0,0.7,0.4,0.6,60
Daniel Gafford,DAL,57,21.5,28.00,29,0.4,1.8,4.1,2.8,5.9,47.5
Daniel Theis,NOP,38,16.3,10.00,28,0.5,0.5,3.2,1.8,2.9,59.8
Daniss Jenkins,DET,7,3.3,3.00,4,0,0,0.3,0.3,0.3,100
Danté Exum,DAL,20,18.6,7.00,13,0.6,0.2,1.5,1.2,1.7,67.6
Dario Šarić,DEN,16,13.1,7.00,9,0.4,0.1,2.3,2.1,2.9,71.7
Dariq Whitehead,BKN,20,12.3,6.00,14,0.3,0.1,1.3,1.2,1.3,92
Darius Garland,CLE,75,30.7,60.00,15,1.2,0.1,2.2,1.2,1.7,67.7
David Duke Jr.,SAS,6,5.6,0.00,6,0.2,0,0.7,0.3,0.7,50
David Roddy,HOU,33,12.4,9.00,24,0.4,0.3,2.2,1.2,1.9,63.5
Davion Mitchell,MIA,74,27.4,25.00,49,1,0.2,1.8,1.3,1.7,75.4
Day'Ron Sharpe,BKN,50,18.1,14.00,36,0.8,0.8,3.6,1.9,3.1,59.9
De'Aaron Fox,SAS,62,36.1,27.00,35,1.5,0.4,3.9,1.7,2.4,73.3
De'Andre Hunter,CLE,64,27.2,38.00,26,0.8,0.2,3.3,1.5,2.3,66.7
De'Anthony Melton,BKN,6,20.2,4.00,2,1.2,0.3,2.3,0.3,0.5,66.7
DeAndre Jordan,DEN,56,12.3,37.00,19,0.3,0.5,3.6,1,1.5,65.1
DeMar DeRozan,SAC,77,35.9,38.00,39,0.8,0.4,3.2,2,2.7,73.9
Dean Wade,CLE,59,21.2,47.00,12,0.7,0.3,3.4,1.8,3,61.1
Deandre Ayton,POR,40,30.1,17.00,23,0.8,1,7.1,1.9,3.6,53.5
Dejounte Murray,NOP,31,32.7,9.00,22,2,0.4,5.9,2.9,3.8,77.1
Delon Wright,NYK,40,15.9,22.00,18,0.9,0.3,1,1,1.4,75.9
Deni Avdija,POR,72,30,33.00,39,1,0.5,5.7,2.6,3.8,67.9
Dennis Schröder,DET,75,28.1,37.00,38,0.9,0.2,2.3,1.3,1.7,74
Dereck Lively II,DAL,36,23.1,21.00,15,0.6,1.6,4.6,3,5.3,56.3
Derrick Jones Jr.,LAC,77,24.3,48.00,29,1,0.4,2.2,1.5,2,74.5
Derrick White,BOS,76,33.9,58.00,18,0.9,1.1,3.6,2.1,3.6,58
Desmond Bane,ORL,69,32,38.00,31,1.2,0.4,5.2,1.6,2.3,66.5
Devin Booker,PHX,75,37.3,35.00,40,0.9,0.2,3.1,1.9,2.7,72.6
Devin Carter,SAC,36,11,18.00,18,0.6,0.1,1.6,0.6,0.7,87.5
Devin Vassell,SAS,64,31,24.00,40,1.3,0.5,3.5,1.7,2.7,62.9
Dillon Brooks,HOU,75,31.8,49.00,26,0.8,0.2,2.7,2,2.7,72.7
Dillon Jones,OKC,54,10.2,45.00,9,0.3,0.1,1.7,0.5,0.7,71.8
Domantas Sabonis,SAC,70,34.7,36.00,34,0.7,0.4,10.1,4,6.3,64.6
Dominick Barlow,ATL,35,10.7,13.00,22,0.3,0.5,1.4,1.2,2,60.6
Donovan Clingan,POR,67,19.8,29.00,38,0.5,1.6,4.6,2,4.1,49.5
Donovan Mitchell,CLE,71,31.4,55.00,16,1.3,0.2,3.7,1,1.5,66
Donte DiVincenzo,MIN,62,25.9,37.00,25,1.2,0.3,3.2,1.3,2,64.8
Dorian Finney-Smith,LAL,63,28.9,36.00,27,0.9,0.4,2.7,2.2,3.4,63.6
Doug McDermott,SAC,42,8.1,21.00,21,0.1,0,0.5,0.5,0.8,57.1
Draymond Green,GSW,68,29.2,42.00,26,1.5,1,5,2.4,3.9,61
Drew Eubanks,LAC,61,12.2,25.00,36,0.2,0.6,2.7,1.4,2.6,55.8
Drew Peterson,BOS,25,7.4,17.00,8,0.2,0.1,1.2,0.2,0.6,42.9
Drew Timme,BKN,9,28.2,3.00,6,0.4,0.1,5.3,2,3,66.7
Dru Smith,MIA,14,19.2,8.00,6,1.5,0.4,1.7,0.6,0.9,61.5
Duncan Robinson,MIA,74,24.1,30.00,44,0.5,0.1,2,1.5,2,77
Duop Reath,POR,46,10.2,19.00,27,0.3,0.3,1,1.1,1.9,59.8
Dwight Powell,DAL,55,10,25.00,30,0.3,0.4,1.3,1.1,1.8,60.4
Dyson Daniels,ATL,76,33.8,37.00,39,3,0.7,4.3,2.6,4,66.2
E.J. Liddell,CHI,12,4.4,6.00,6,0.1,0.1,0.5,0.7,1,66.7
Elfrid Payton,NOP,24,21.3,3.00,21,1,0.5,2.7,1.2,1.8,65.1
Elijah Harkless,UTA,10,13.8,1.00,9,1,0.1,1.2,0.8,1,80
Emanuel Miller,CHI,6,4.1,4.00,2,0.2,0,0.7,0,0.2,0
Emoni Bates,CLE,10,7.5,9.00,1,0.1,0.1,0.7,0.5,0.8,62.5
Enrique Freeman,IND,22,8.2,7.00,15,0.1,0.1,0.9,0.8,1.2,63
Eric Gordon,PHI,39,19.7,12.00,27,0.7,0.3,1,0.7,0.8,81.8
Evan Mobley,CLE,71,30.5,58.00,13,0.9,1.6,7,3.4,6,57
Franz Wagner,ORL,60,33.7,33.00,27,1.3,0.4,4.8,1.5,2.2,68.4
Fred VanVleet,HOU,60,35.2,41.00,19,1.6,0.4,3.2,1.6,2.2,71.8
GG Jackson,MEM,29,15.8,19.00,10,0.4,0.2,2.2,0.8,1.3,62.2
Gabe Vincent,LAL,72,21.2,46.00,26,0.7,0.2,1,0.9,1.3,67.4
Garrett Temple,TOR,28,8.1,11.00,17,0.6,0.1,0.7,0.5,0.8,68.2
Garrison Mathews,ATL,47,17.6,21.00,26,0.6,0.3,1.6,1.2,1.6,73.3
Gary Harris,ORL,48,14.8,28.00,20,0.5,0.3,0.9,0.9,1.2,71.2
Gary Payton II,GSW,62,15,36.00,26,0.8,0.3,2.1,0.9,1.4,60.2
Gary Trent Jr.,MIL,74,25.6,44.00,30,1,0.1,2,0.8,1.2,70.9
Georges Niang,ATL,79,21.5,55.00,24,0.4,0.2,2.8,1.7,2.4,71.9
Giannis Antetokounmpo,MIL,67,34.2,40.00,27,0.9,1.2,9.7,2.1,3.7,58
Goga Bitadze,ORL,70,20.4,38.00,32,0.7,1.4,4.2,2.2,3.8,58.3
Gradey Dick,TOR,54,29.4,15.00,39,0.9,0.2,2.8,1.7,2.3,75
Grant Williams,CHA,16,29.9,6.00,10,1.1,0.8,4,3.1,5.1,61
Grayson Allen,PHX,64,24.1,29.00,35,0.8,0.3,2.5,1.3,1.8,73.7
Guerschon Yabusele,PHI,70,27.1,23.00,47,0.8,0.3,3.7,3.6,5,71.8
Gui Santos,GSW,56,13.6,36.00,20,0.4,0.2,1.8,1.1,1.8,65.3
Harrison Barnes,SAS,82,27.2,34.00,48,0.5,0.2,2.6,1.8,2.4,72
Harrison Ingram,SAS,5,7,0.00,5,0.6,0,1.4,0,0,0
Haywood Highsmith,MIA,74,24.6,35.00,39,0.9,0.5,2.4,1.5,2.4,64.4
Herbert Jones,NOP,20,32.4,5.00,15,1.9,0.5,2.8,2.2,3.1,69.4
Hunter Tyson,DEN,51,7.8,30.00,21,0.2,0.1,1,0.7,0.9,70.8
Immanuel Quickley,TOR,33,27.8,12.00,21,0.7,0.1,3.1,1.4,2,68.7
Isaac Jones,SAC,40,7.6,19.00,21,0.1,0.3,0.9,0.8,1.5,55.2
Isaac Okoro,CLE,55,19.1,44.00,11,0.6,0.3,1.5,1,1.5,66.7
Isaiah Collier,UTA,71,25.9,14.00,57,0.9,0.2,2.9,1.3,1.6,80.5
Isaiah Crawford,SAC,15,3,7.00,8,0.1,0.1,0.5,0.2,0.3,60
Isaiah Hartenstein,OKC,57,27.9,49.00,8,0.8,1.1,7.9,2.8,5.1,56.3
Isaiah Jackson,IND,5,16.8,1.00,4,0.6,1.6,3.4,2.8,5.8,48.3
Isaiah Joe,OKC,74,21.7,63.00,11,0.6,0.1,2.1,0.9,1.3,70.7
Isaiah Mobley,PHI,1,17.4,0.00,1,1,1,3,3,5,60
Isaiah Stevens,MIA,3,1.9,3.00,0,0.3,0,0.7,0,0,0
Isaiah Stewart,DET,72,19.9,38.00,34,0.4,1.4,3.7,2.1,4.5,46
Isaiah Wong,CHA,20,13.3,2.00,18,0.6,0,0.9,0.6,0.8,75
Ivica Zubac,LAC,80,32.8,50.00,30,0.7,1.1,8.9,3.8,6.7,56.7
JD Davison,BOS,16,5.8,13.00,3,0.3,0.1,0.7,0.3,0.4,71.4
JT Thor,WAS,20,12.5,10.00,10,0.4,0.5,1.4,0.5,0.8,56.3
Ja Morant,MEM,50,30.4,30.00,20,1.2,0.2,3.4,1.6,2.2,71.6
Ja'Kobe Walter,TOR,52,21.2,19.00,33,0.8,0.2,1.9,1.7,2.4,72.6
Jabari Smith Jr.,HOU,57,30.1,40.00,17,0.4,0.7,5.2,2.2,3.9,55.7
Jabari Walker,POR,60,12.5,23.00,37,0.6,0.1,2.5,1.2,1.7,69.6
Jack McVeigh,HOU,9,4.8,5.00,4,0,0.2,0.3,0.4,0.8,57.1
Jackson Rowe,GSW,6,8.6,4.00,2,0.7,0,1.3,0.5,0.5,100
Jacob Toppin,ATL,17,4.4,13.00,4,0.1,0,0.7,0.2,0.4,66.7
Jaden Hardy,DAL,57,15.9,30.00,27,0.5,0.1,1.4,0.7,1.1,68.3
Jaden Ivey,DET,30,29.9,14.00,16,0.9,0.4,2.8,1.4,1.9,73.7
Jaden McDaniels,MIN,82,31.9,49.00,33,1.3,0.9,4.2,2.3,3.7,61.5
Jaden Springer,UTA,43,8.5,22.00,21,0.6,0.1,1,0.4,0.6,75
Jae Crowder,SAC,9,11.4,3.00,6,0.3,0,1.6,0.7,0.9,75
Jae'Sean Tate,HOU,52,11.3,38.00,14,0.5,0.1,1.3,0.7,1,64.8
Jahlil Okafor,IND,1,3.4,0.00,1,0,0,1,0,0,0
Jahmir Young,CHI,6,4.9,4.00,2,0,0,0.3,0.2,0.2,100
Jaime Jaquez Jr.,MIA,66,20.7,32.00,34,0.9,0.2,3.1,1.3,2.1,65.4
Jake LaRavia,SAC,66,20.4,40.00,26,0.9,0.3,2.6,1.6,2.2,74.6
Jakob Poeltl,TOR,57,29.6,21.00,36,1.2,1.2,6.3,3.8,6.3,60.5
Jalen Bridges,PHX,8,3.8,1.00,7,0,0,0.5,0.1,0.1,100
Jalen Brunson,NYK,65,35.4,40.00,25,0.9,0.1,2.5,1.7,2.3,75.2
Jalen Duren,DET,78,26.1,43.00,35,0.7,1.1,6.8,3.2,5.1,62.3
Jalen Green,HOU,82,32.9,52.00,30,0.9,0.3,4,1.9,2.8,68.1
Jalen Hood-Schifino,PHI,15,21,3.00,12,0.3,0.5,1.6,1.1,1.9,60.7
Jalen Johnson,ATL,36,35.7,18.00,18,1.6,1,8.3,3.1,4.9,62.9
Jalen McDaniels,SAC,4,1.8,2.00,2,0.3,0,0,0.3,0.3,100
Jalen Pickett,DEN,49,13.6,31.00,18,0.4,0.1,1.1,0.6,0.9,64.3
Jalen Smith,CHI,64,15,28.00,36,0.3,0.7,4.2,1.8,3.1,56.6
Jalen Suggs,ORL,35,28.6,20.00,15,1.5,0.9,3.4,1.9,2.9,66.7
Jalen Williams,OKC,69,32.4,55.00,14,1.6,0.7,4.5,1.5,2.7,55.9
Jalen Wilson,BKN,79,25.7,25.00,54,0.5,0.1,2.5,1.5,2,75.2
Jamal Cain,NOP,37,13.6,6.00,31,0.6,0.2,1.6,1,1.6,63.8
Jamal Murray,DEN,67,36.1,41.00,26,1.4,0.5,3.2,2.4,3.6,66.9
Jamal Shead,TOR,75,19.6,28.00,47,0.8,0.1,1.1,0.8,1,78.4
Jamaree Bouyea,MIL,5,12.3,4.00,1,0.8,0.4,0.8,0.8,1,80
James Harden,LAC,79,35.3,50.00,29,1.5,0.7,5.1,2,2.7,75.2
James Johnson,IND,12,3.1,5.00,7,0,0.2,0.5,0.1,0.3,33.3
James Wiseman,IND,1,4.6,1.00,0,0,0,1,2,2,100
Jamison Battle,TOR,59,17.7,21.00,38,0.3,0.2,2.1,1.3,1.9,68.4
Jarace Walker,IND,75,15.8,45.00,30,0.7,0.3,2.7,1.1,1.4,74.5
Jared Butler,PHI,60,17.4,6.00,54,0.7,0.2,1.4,0.8,1.3,60
Jared McCain,PHI,23,25.7,7.00,16,0.7,0,1.9,2.3,2.7,85.2
Jared Rhoden,TOR,14,16.2,8.00,6,0.7,0.1,2,1.4,1.6,87
Jaren Jackson Jr.,MEM,74,29.8,42.00,32,1.2,1.5,4.4,2.4,4.5,54
Jarred Vanderbilt,LAL,36,16.1,25.00,11,1,0.3,3.2,1.4,2,68.1
Jarrett Allen,CLE,82,28,64.00,18,0.9,0.9,7.1,2.9,5.6,52.2
Javonte Green,CLE,68,18.5,24.00,44,1,0.5,2.3,1.1,1.9,59.5
Jaxson Hayes,LAL,56,19.5,38.00,18,0.6,0.9,3.4,1.7,3.1,54
Jay Huff,MEM,64,11.7,37.00,27,0.3,0.9,1.5,1.9,3.4,57.1
Jaylen Brown,BOS,63,34.3,46.00,17,1.2,0.3,4.5,1.6,2.3,67.6
Jaylen Clark,MIN,40,13,28.00,12,0.9,0.1,0.7,0.8,1.2,71.7
Jaylen Martin,WAS,16,14.9,3.00,13,0.6,0,2.1,1.1,1.4,73.9
Jaylen Nowell,WAS,8,21,1.00,7,0.1,0.5,1.8,1.9,2.4,78.9
Jaylen Sims,CHA,6,18.6,0.00,6,0.5,0.2,0.5,0.8,1,83.3
Jaylen Wells,MEM,79,25.9,47.00,32,0.6,0.1,2.3,1.4,1.8,75.5
Jaylin Williams,OKC,47,16.7,40.00,7,0.5,0.6,4.6,1.4,2.3,63
Jaylon Tyson,CLE,47,9.6,37.00,10,0.3,0.1,1.3,0.7,1,71.4
Jayson Tatum,BOS,72,36.4,53.00,19,1.1,0.5,8,2.1,3.1,69.4
Jazian Gortman,DAL,16,3.5,8.00,8,0.1,0.1,0.3,0.2,0.3,75
Jeff Dowtin Jr.,PHI,41,15.1,10.00,31,0.6,0.3,1.2,0.8,1.1,77.3
Jeff Green,HOU,32,12.4,20.00,12,0.2,0.1,1.5,1.4,1.8,80.7
Jerami Grant,POR,47,32.4,22.00,25,0.9,1,2.9,1.6,2.5,63.8
Jeremiah Robinson-Earl,NOP,66,18.8,17.00,49,0.6,0.1,3.1,1.7,2.5,67.9
Jeremy Sochan,SAS,54,25.3,21.00,33,0.8,0.5,4.2,2.2,3.4,64.8
Jericho Sims,MIL,53,11.9,34.00,19,0.2,0.4,2.4,1.1,2,53.3
Jesse Edwards,MIN,2,2.3,2.00,0,0,0,0,0.5,0.5,100
Jett Howard,ORL,60,11.7,29.00,31,0.2,0.2,0.8,0.6,0.8,79.2
Jevon Carter,CHI,36,8.9,13.00,23,0.4,0.1,1,0.5,0.6,85
Jimmy Butler III,GSW,55,31.7,36.00,19,1.4,0.3,3.1,1.8,2.6,68.8
Jock Landale,HOU,42,11.9,26.00,16,0.3,0.2,1.9,1.7,2.6,64.9
Joe Ingles,MIN,19,6,12.00,7,0.1,0,0.5,0.2,0.2,100
Joel Embiid,PHI,19,30.2,8.00,11,0.7,0.9,6.3,3.2,5.2,61.2
John Collins,UTA,40,30.5,12.00,28,1,1,6,2.3,3.7,62.8
John Konchar,MEM,46,12.1,26.00,20,0.7,0.3,2.5,1,1.4,66.7
Johnny Davis,WAS,34,7.1,4.00,30,0.4,0.2,0.8,0.1,0.5,31.3
Johnny Furphy,IND,50,7.6,31.00,19,0.4,0.2,1,0.8,1,81.3
Johnny Juzang,UTA,64,19.8,15.00,49,0.6,0.1,2.2,1.8,2.5,71.3
Jonas Valančiūnas,SAC,81,18.8,23.00,58,0.5,0.6,5.4,2.5,3.7,68.1
Jonathan Isaac,ORL,71,15.4,35.00,36,0.9,1.1,2.7,1.3,2.5,50.3
Jonathan Kuminga,GSW,47,24.3,28.00,19,0.8,0.4,3.4,1.4,2.3,63
Jonathan Mogbo,TOR,63,20.4,18.00,45,0.9,0.5,3.2,2,3,65.6
Jordan Clarkson,UTA,37,26,10.00,27,0.8,0.2,2.5,1.8,2.5,70.7
Jordan Goodwin,LAL,29,18.7,17.00,12,1,0.4,2.6,1.8,2.2,84.1
Jordan Hawkins,NOP,56,23.6,18.00,38,0.5,0.4,2.4,2.1,2.9,72.8
Jordan McLaughlin,SAS,46,6.8,17.00,29,0.3,0,0.5,0.3,0.4,80
Jordan Miller,LAC,37,11.4,21.00,16,0.5,0.1,0.9,1.2,1.4,86.3
Jordan Poole,WAS,68,29.4,15.00,53,1.3,0.4,2.5,1.4,1.8,77.5
Jordan Walsh,BOS,52,7.8,39.00,13,0.2,0.2,0.9,0.4,0.9,51.1
Jose Alvarado,NOP,56,24.4,19.00,37,1.3,0.3,1.9,0.9,1.1,76.6
Josh Christopher,MIA,14,5,9.00,5,0.4,0.2,0.6,0.2,0.3,75
Josh Giddey,CHI,70,30.2,33.00,37,1.2,0.6,6.3,2.5,3.5,70.6
Josh Green,CHA,68,27.8,17.00,51,1.1,0.2,1.7,1,1.4,74.7
Josh Hart,NYK,77,37.6,48.00,29,1.5,0.4,7.5,3.4,4.8,71.9
Josh Minott,MIN,46,6,32.00,14,0.3,0.3,0.8,0.3,0.4,68.4
Josh Okogie,CHA,40,15.6,11.00,29,1.2,0.5,1.7,1.1,1.5,70.5
Josh Richardson,MIA,8,18.7,4.00,4,1,0.1,0.8,1,1,100
Jrue Holiday,BOS,62,30.6,47.00,15,1.1,0.4,3,1.4,2,71.1
Julian Champagnie,SAS,82,23.6,34.00,48,0.7,0.4,3.1,2,3,69.4
Julian Phillips,CHI,79,14.2,37.00,42,0.5,0.3,1.3,1.2,1.6,72.9
Julian Strawther,DEN,65,21.3,41.00,24,0.6,0.2,1.9,1.1,1.6,69.6
Julius Randle,MIN,69,32.3,44.00,25,0.7,0.2,5,2.3,3.4,68.4
Justin Champagnie,WAS,62,21.6,16.00,46,1,0.6,3.9,1.4,2.3,61.1
Justin Edwards,PHI,44,26.2,11.00,33,1,0.4,2.3,1.8,2.4,77.1
Justin Minaya,POR,19,5.3,8.00,11,0.3,0.1,0.3,0.9,1.3,70.8
Jusuf Nurkić,CHA,51,20.8,18.00,33,0.8,0.7,6.1,2.5,4.1,61.6
KJ Martin,UTA,43,21.2,11.00,32,0.4,0.5,2.2,1.1,2.2,51.6
KJ Simpson,CHA,36,23.4,3.00,33,0.9,0.2,1.9,1.5,1.9,78.3
Kai Jones,DAL,40,11.7,20.00,20,0.4,0.6,2.1,1.7,2.8,60.4
Karl-Anthony Towns,NYK,72,35,46.00,26,1,0.7,9.8,4,5.7,69.7
Karlo Matković,NOP,42,18.8,12.00,30,0.5,1,3.5,2.4,4.1,56.9
Kawhi Leonard,LAC,37,31.9,26.00,11,1.6,0.5,5,1.9,2.5,76.9
Keaton Wallace,ATL,31,16.2,15.00,16,0.9,0.3,1.4,0.8,1.1,72.7
Keegan Murray,SAC,76,34.3,36.00,40,0.8,0.9,4.8,2.3,3.9,57.7
Keion Brooks Jr.,NOP,14,23.7,2.00,12,0.7,0.7,3.3,1.8,2.8,64.1
Kel'el Ware,MIA,64,22.2,28.00,36,0.6,1.1,5.6,3,4.8,62.8
Keldon Johnson,SAS,77,23.9,31.00,46,0.6,0.3,3.4,1.7,2.5,68.9
Kelly Olynyk,NOP,44,20.3,12.00,32,0.8,0.4,3.3,1.9,3,63.2
Kelly Oubre Jr.,PHI,60,34.6,21.00,39,1.5,0.5,4.5,2.9,4.2,69.5
Kenrich Williams,OKC,69,16.4,58.00,11,0.6,0.1,2.6,0.8,1.2,65.9
Kentavious Caldwell-Pope,MEM,77,29.6,38.00,39,1.3,0.4,1.8,1.1,1.4,74.5
Keon Ellis,SAC,80,24.4,39.00,41,1.5,0.8,1.9,1.6,2.2,70.6
Keon Johnson,BKN,79,24.4,25.00,54,1,0.4,3,1.9,2.7,72.6
Keshad Johnson,MIA,16,6.1,10.00,6,0.3,0.3,1.4,0.6,0.9,60
Kessler Edwards,DAL,40,15.2,17.00,23,0.5,0.5,2.3,2.1,3.3,63.9
Kevin Durant,PHX,62,36.5,33.00,29,0.8,1.2,5.7,1.8,3,61.3
Kevin Huerter,CHI,69,24.3,39.00,30,1,0.3,2.5,1.3,2,64.5
Kevin Knox II,GSW,14,6,11.00,3,0.1,0.3,0.7,0.2,0.4,50
Kevin Love,MIA,23,10.9,13.00,10,0.7,0.2,3.1,1.5,2.2,66.7
Kevin McCullar Jr.,NYK,4,7.3,4.00,0,0.3,0.3,2,0.3,0.8,33.3
Kevin Porter Jr.,MIL,75,19.8,43.00,32,1.1,0.2,3.1,1.3,1.9,68.5
Kevon Looney,GSW,76,15,45.00,31,0.6,0.5,3.6,1.4,2.5,57
Keyonte George,UTA,67,31.5,13.00,54,0.7,0.1,3.4,2,2.4,82.6
Khris Middleton,WAS,37,22.8,18.00,19,0.9,0.2,3.4,1.2,1.8,68.7
Killian Hayes,BKN,6,27.1,1.00,5,0.7,0.7,2.2,2,2.8,70.6
Klay Thompson,DAL,72,27.3,33.00,39,0.7,0.4,2.8,1.1,1.8,63.5
Kobe Brown,LAC,40,6.8,25.00,15,0.2,0.1,1.2,0.4,0.6,60
Kobe Bufkin,ATL,10,12.4,6.00,4,0.3,0.2,1.6,0.7,1.1,63.6
Kris Dunn,LAC,74,24.1,45.00,29,1.7,0.4,2.7,1.2,1.7,69.9
Kris Murray,POR,69,15.1,31.00,38,0.5,0.2,1.5,1.2,1.9,61.4
Kristaps Porziņģis,BOS,42,28.8,30.00,12,0.7,1.5,5.1,3.2,6.3,51.5
Kyle Anderson,MIA,61,16.4,30.00,31,0.7,0.5,2.5,1.2,1.8,66.1
Kyle Filipowski,UTA,72,21.1,13.00,59,0.7,0.3,4.6,3.3,4.7,70.1
Kyle Kuzma,MIL,65,29.8,25.00,40,0.6,0.3,4.9,1.6,2.3,66.4
Kyle Lowry,PHI,35,18.8,14.00,21,0.9,0.3,1.6,1.4,2,70
Kylor Kelley,LAL,11,11.5,3.00,8,0.1,0.3,2.5,2.2,2.9,75
Kyrie Irving,DAL,50,36.1,28.00,22,1.3,0.5,3.6,2,2.7,75.9
Kyshawn George,WAS,68,26.5,15.00,53,1,0.7,3.5,2.2,3.4,65.8
LaMelo Ball,CHA,47,32,16.00,31,1.1,0.3,3.9,1.1,1.6,71.2
Lamar Stevens,MEM,17,9.1,7.00,10,0.3,0.2,2,0.8,1.3,63.6
Landry Shamet,NYK,50,15.2,30.00,20,0.5,0,1,0.8,1.2,69
Larry Nance Jr.,ATL,24,19.3,10.00,14,0.8,0.5,3.3,1.4,2.2,64.2
Lauri Markkanen,UTA,47,31.4,9.00,38,0.7,0.4,4.4,1.8,2.9,62.3
LeBron James,LAL,70,34.9,44.00,26,1,0.6,6.8,2.1,3,69
Leonard Miller,MIN,13,2.4,11.00,2,0.2,0.1,0.6,0.2,0.2,100
Lester Quinones,NOP,13,14.1,3.00,10,0.2,0.2,1.2,0.9,1.2,80
Liam Robbins,MIL,13,4.4,8.00,5,0.2,0.2,0.4,0.2,0.3,50
Lindy Waters III,DET,52,15,27.00,25,0.5,0.2,1.7,0.9,1.2,72.6
Lonnie Walker IV,PHI,20,23.8,3.00,17,0.5,0.3,2.9,2.1,2.3,89.1
Lonzo Ball,CHI,35,22.2,16.00,19,1.3,0.5,2.7,1.4,2.3,61.7
Luguentz Dort,OKC,71,29.2,57.00,14,1.1,0.5,2.9,1.2,1.9,61.5
Luka Dončić,LAL,50,35.4,31.00,19,1.8,0.4,7.4,1.9,2.9,64.4
Luka Garza,MIN,39,5.6,28.00,11,0.2,0.1,0.6,0.8,1.2,65.2
Luke Kennard,MEM,65,22.6,37.00,28,0.8,0.1,2.2,1,1.2,79
Luke Kornet,BOS,73,18.6,53.00,20,0.5,1,2.7,2.1,4,52.2
Luke Travers,CLE,12,7.3,10.00,2,0.1,0.1,1,0.7,1,66.7
Mac McClung,ORL,2,5.1,1.00,1,0,0,0.5,0.5,0.5,100
Malachi Flynn,SAS,4,10.9,2.00,2,0.8,0,1,0,0.3,0
Malaki Branham,SAS,47,9.1,18.00,29,0.2,0,0.9,0.4,0.7,65.6
Malcolm Brogdon,WAS,24,23.5,6.00,18,0.5,0.2,2.9,1.7,2,85.1
Malevy Leons,OKC,6,3.5,6.00,0,0,0,0.3,0.2,0.3,50
Malik Beasley,DET,82,27.8,44.00,38,0.9,0.1,2,1,1.3,76.9
Malik Monk,SAC,65,31.6,36.00,29,0.9,0.6,3.3,1.5,2.2,66.4
MarJon Beauchamp,NYK,35,4.5,19.00,16,0.1,0,0.9,0.3,0.4,60
Marcus Bagley,PHI,10,25.3,1.00,9,0.9,1.2,4.7,1.7,3,56.7
Marcus Garrett,CHA,4,19.8,1.00,3,0.8,0.5,1.3,0.5,0.5,100
Marcus Sasser,DET,57,14.2,30.00,27,0.6,0.1,0.9,0.6,0.8,77.1
Marcus Smart,WAS,34,20,17.00,17,1.1,0.3,1.6,0.5,0.8,60.7
Mark Williams,CHA,44,26.6,9.00,35,0.7,1.2,7.2,3.7,5.7,65.1
Markelle Fultz,SAC,21,8.8,9.00,12,0.5,0.1,0.7,0.3,0.7,46.7
Markieff Morris,LAL,15,11,7.00,8,0.1,0.2,1.3,0.6,1.1,56.3
Marvin Bagley III,MEM,31,8.6,7.00,24,0.3,0.3,1.5,0.7,1.4,50
Mason Jones,SAC,10,4.5,4.00,6,0,0.1,0.7,0,0.2,0
Mason Plumlee,PHX,74,17.6,33.00,41,0.4,0.6,4.6,2.4,3.9,60.8
Matas Buzelis,CHI,80,18.9,39.00,41,0.4,0.9,2.8,2.3,3.6,62.1
Matisse Thybulle,POR,15,20.8,8.00,7,2.2,0.6,2.5,0.7,0.8,83.3
Matt Ryan,NOP,19,3.6,14.00,5,0.1,0,0.4,0.2,0.3,60
Max Christie,DAL,78,27.3,40.00,38,0.8,0.4,2.8,1.9,2.9,66.4
Max Strus,CLE,50,25.5,39.00,11,0.5,0.2,3.3,1.4,2,70.3
Maxi Kleber,LAL,34,18.7,18.00,16,0.3,0.5,2.1,1.9,2.7,68.8
Maxwell Lewis,BKN,28,11.7,9.00,19,0.3,0.3,1.3,0.8,1.2,67.6
Micah Potter,UTA,38,18.6,10.00,28,0.4,0.4,3.2,2.3,3.7,64
Michael Porter Jr.,DEN,77,33.7,47.00,30,0.6,0.5,5.2,2.4,3.6,66.7
Mikal Bridges,NYK,82,37,51.00,31,0.9,0.5,2.3,1.8,2.8,62.7
Mike Conley,MIN,71,24.7,44.00,27,1.1,0.2,2.1,1.1,1.5,77.1
Miles Bridges,CHA,64,31.7,16.00,48,0.7,0.7,6.4,1.9,3.2,60.5
Miles McBride,NYK,64,24.9,39.00,25,1,0.3,1.8,1.5,2.1,67.9
Miles Norris,BOS,3,11.6,2.00,1,0.7,0.3,2.3,0,1,0
Mitchell Robinson,NYK,17,17.1,10.00,7,0.9,1.1,2.9,1.8,2.9,62
Mo Bamba,NOP,32,12.9,19.00,13,0.3,1,3.5,1.6,2.9,54.8
Monte Morris,PHX,45,12.7,21.00,24,0.4,0.1,1.2,0.6,0.8,71.1
Moritz Wagner,ORL,30,18.8,18.00,12,0.8,0.4,3.6,1.4,2.3,60.9
Moses Brown,DAL,13,9.1,5.00,8,0.5,0.3,2.5,1.6,2.8,58.3
Moses Moody,GSW,74,22.3,45.00,29,0.8,0.4,1.9,1.3,2,63.3
Mouhamed Gueye,ATL,33,16.1,15.00,18,0.8,1,2.9,1.1,2,56.9
Moussa Diabaté,CHA,71,17.5,15.00,56,0.6,0.6,3.5,2.2,3.5,61.9
Myles Turner,IND,72,30.2,44.00,28,0.8,2,5.3,4.3,7.5,57.7
N'Faly Dante,HOU,4,12.7,0.00,4,0.3,1.3,3.8,1,1.8,57.1
Nae'Qwan Tomlin,CLE,5,12.7,4.00,1,0,0.2,2.4,0.8,1.6,50
Naji Marshall,DAL,69,27.8,32.00,37,1,0.2,3.7,1.8,2.4,71.6
Nate Williams,HOU,20,7.3,14.00,6,0.4,0.2,0.4,0.5,0.6,75
Naz Reid,MIN,80,27.5,47.00,33,0.7,0.9,4.9,2.3,3.8,61.1
Neemias Queta,BOS,62,13.9,46.00,16,0.3,0.7,2.4,1.9,3,61.4
Nic Claxton,BKN,70,26.9,20.00,50,0.9,1.4,5.1,3,5.2,58.7
Nick Richards,PHX,57,22,17.00,40,0.2,1,5.6,3.2,5.7,56
Nick Smith Jr.,CHA,60,22.8,14.00,46,0.3,0.1,1.9,1.2,1.5,78.7
Nickeil Alexander-Walker,MIN,82,25.3,49.00,33,0.6,0.4,2.6,1.8,2.5,72.8
Nicolas Batum,LAC,78,17.5,47.00,31,0.7,0.5,2.2,1.2,2.1,58.1
Nikola Jokić,DEN,70,36.7,46.00,24,1.8,0.6,9.9,4.8,6.8,70
Nikola Jović,MIA,46,25.1,21.00,25,0.8,0.3,3.3,2,3.2,63.3
Nikola Vučević,CHI,73,31.2,34.00,39,0.8,0.7,7.6,4.3,6.3,67.8
Noah Clowney,BKN,46,22.7,11.00,35,0.5,0.5,3,2.1,3.6,58.5
Norman Powell,LAC,60,32.6,39.00,21,1.2,0.2,2.8,1.2,1.6,77.1
OG Anunoby,NYK,74,36.6,45.00,29,1.5,0.9,3.5,1.8,2.9,61.8
Obi Toppin,IND,79,19.6,48.00,31,0.6,0.4,3.3,1.6,2.3,69.3
Ochai Agbaji,TOR,64,27.2,19.00,45,0.9,0.5,2.8,1.8,2.9,61.7
Olivier-Maxence Prosper,DAL,52,11.2,27.00,25,0.5,0.1,1.6,0.9,1.3,65.2
Onyeka Okongwu,ATL,74,27.9,35.00,39,0.9,0.9,5.9,2.9,4.8,60.2
Orlando Robinson,TOR,44,17.5,23.00,21,0.4,0.4,3,2.5,4.2,59.1
Oscar Tshiebwe,UTA,14,18.2,3.00,11,0.9,0.1,5.4,2.5,3.1,81.4
Oshae Brissett,PHI,6,23.7,1.00,5,0.7,0.5,2.5,1.8,2.5,73.3
Oso Ighodaro,PHX,61,17.1,25.00,36,0.5,0.5,2.6,1.9,3.3,56.9
Ousmane Dieng,OKC,37,10.9,30.00,7,0.5,0.2,1.7,0.6,0.9,70.6
P.J. Tucker,NYK,3,19.3,1.00,2,0.3,0.3,1.3,1.3,2,66.7
P.J. Washington,DAL,57,32.2,31.00,26,1.1,1.1,6.3,2.7,4.4,61.3
PJ Dozier,MIN,9,3.9,7.00,2,0.1,0,0.4,0.4,0.6,80
PJ Hall,DEN,19,3.5,12.00,7,0,0.2,0.8,0.2,0.4,42.9
Pacôme Dadiet,NYK,18,6.2,14.00,4,0.2,0.1,0.8,0.3,0.5,55.6
Paolo Banchero,ORL,46,34.4,21.00,25,0.8,0.6,6.4,3,4.4,68.8
Pascal Siakam,IND,78,32.7,47.00,31,0.9,0.5,5.2,2.7,4.1,65.1
Pat Connaughton,MIL,41,14.7,19.00,22,0.2,0.3,2.2,0.8,1.2,64.7
Pat Spencer,GSW,39,6.4,24.00,15,0.4,0.1,0.8,0.5,0.6,95.5
Patrick Baldwin Jr.,LAC,24,4.4,3.00,21,0.1,0.1,0.8,0.3,0.5,61.5
Patrick Williams,CHI,63,25,31.00,32,0.8,0.5,3.1,2,2.8,69.7
Patty Mills,LAC,29,11.1,12.00,17,0.4,0.1,0.6,0.4,0.5,78.6
Paul George,PHI,41,32.5,15.00,26,1.8,0.5,4.8,2.2,3.3,66.7
Paul Reed,DET,45,9.7,22.00,23,0.9,0.6,1.8,1.2,2,59.3
Payton Pritchard,BOS,80,28.4,59.00,21,0.9,0.2,2.6,1.1,1.4,75.4
Pelle Larsson,MIA,55,14.2,24.00,31,0.6,0.1,1.2,1,1.4,76
Pete Nance,MIL,13,10.6,8.00,5,0.2,0.2,1.2,1.2,1.5,78.9
Peyton Watson,DEN,68,24.3,40.00,28,0.7,1.4,2.7,1.7,3,57.4
Phillip Wheeler,PHI,5,8.9,0.00,5,0.2,0.4,1.2,0,0.4,0
Precious Achiuwa,NYK,57,20.5,36.00,21,0.8,0.7,3.8,2.4,3.8,63
Quentin Grimes,PHI,75,26.8,29.00,46,1,0.3,3.5,1.7,2.7,63.7
Quenton Jackson,IND,28,13.6,14.00,14,0.8,0.2,1.1,0.6,0.9,66.7
Quincy Olivari,LAL,2,5.2,1.00,1,0,0,0,0.5,0.5,100
Quinten Post,GSW,42,16.3,26.00,16,0.4,0.4,2.7,1.7,2.9,58.5
RJ Barrett,TOR,58,32.2,23.00,35,0.8,0.3,5.3,1.8,2.7,68.2
RayJ Dennis,IND,11,6.4,7.00,4,0.6,0.2,0.9,0.3,0.4,75
Rayan Rupert,POR,52,8.8,23.00,29,0.3,0.1,0.8,0.6,0.9,67.4
Reece Beekman,BKN,36,13,13.00,23,0.9,0.1,0.7,0.9,1,91.9
Reed Sheppard,HOU,52,12.6,30.00,22,0.7,0.3,1.2,0.9,1.3,75.4
Reggie Jackson,PHI,31,12.4,11.00,20,0.5,0.1,1.1,0.7,0.8,84
Richaun Holmes,WAS,31,17.2,9.00,22,0.3,0.7,3.7,1.8,3.2,56.1
Ricky Council IV,PHI,73,17.1,16.00,57,0.4,0.2,2.2,0.9,1.3,68.1
Riley Minix,SAS,1,6.8,0.00,1,0,0,2,0,0,0
Rob Dillingham,MIN,49,10.5,30.00,19,0.4,0,0.8,0.5,0.7,70.6
Robert Williams III,POR,20,17.6,7.00,13,0.7,1.7,4.2,1,2.5,40.8
Ron Harper Jr.,DET,1,17,0.00,1,0,0,3,0,1,0
Ronald Holland II,DET,81,15.6,44.00,37,0.6,0.2,2.2,0.8,1.2,68.4
Royce O'Neale,PHX,75,24.5,33.00,42,0.9,0.4,3.9,1.9,2.5,75.4
Rudy Gobert,MIN,72,33.2,43.00,29,0.8,1.4,7.2,3,5.8,51.9
Rui Hachimura,LAL,59,31.7,37.00,22,0.8,0.4,3.7,2.4,3.6,68.6
Russell Westbrook,DEN,75,27.9,43.00,32,1.4,0.5,3.6,1.2,1.8,65.4
Ryan Dunn,PHX,74,19.1,32.00,42,0.6,0.5,2.4,1.6,2.4,66.5
Ryan Rollins,MIL,56,14.6,30.00,26,0.8,0.3,1.6,0.8,1.4,59
Sam Hauser,BOS,71,21.7,52.00,19,0.6,0.2,2.5,1.1,1.7,65.5
Sam Merrill,CLE,71,19.7,54.00,17,0.7,0.2,1.7,1,1.5,68.9
Sandro Mamukelashvili,SAS,61,11.2,23.00,38,0.4,0.3,2,1.5,2.3,65.5
Santi Aldama,MEM,65,25.5,38.00,27,0.8,0.4,5,2.2,3.2,67.3
Scoot Henderson,POR,66,26.7,30.00,36,1,0.2,2.2,2,2.6,76
Scottie Barnes,TOR,65,32.8,26.00,39,1.4,1,6,2.9,4.7,60.7
Scotty Pippen Jr.,MEM,79,21.3,46.00,33,1.3,0.4,2.5,0.9,1.2,75.3
Seth Curry,CHA,68,15.6,17.00,51,0.4,0.1,1.3,0.5,0.6,84.1
Shaedon Sharpe,POR,72,31.3,32.00,40,0.9,0.2,3.6,1.8,2.5,72.5
Shai Gilgeous-Alexander,OKC,76,34.2,63.00,13,1.7,1,4.1,2.1,3.3,64
Shake Milton,LAL,57,14.7,29.00,28,0.4,0.1,1.3,0.8,0.9,81.5
Sidy Cissoko,POR,22,5.2,11.00,11,0.1,0,0.6,0.3,0.3,85.7
Simone Fontecchio,DET,75,16.5,38.00,37,0.4,0.2,2.2,0.9,1.4,67
Skal Labissiere,SAC,4,3,2.00,2,0,0,0.5,0,0,0
Spencer Dinwiddie,DAL,79,27,37.00,42,0.9,0.2,2.4,1.5,2,74.2
Spencer Jones,DEN,20,6.2,13.00,7,0.3,0.3,0.5,0.3,0.5,55.6
Stanley Umude,MIL,22,3.9,15.00,7,0.1,0.3,0.6,0.1,0.2,75
Stephen Curry,GSW,70,32.2,41.00,29,1.1,0.4,3.9,1.1,1.6,68.8
Stephon Castle,SAS,81,26.7,33.00,48,0.9,0.3,2.6,1.6,2.3,69.9
Steven Adams,HOU,58,13.7,38.00,20,0.4,0.5,2.8,1.3,2.4,56.5
Svi Mykhailiuk,UTA,38,20,6.00,32,0.5,0.2,1.8,1.4,1.9,74
T.J. McConnell,IND,79,17.9,49.00,30,1.1,0.3,1.9,0.8,1.1,75.3
Taj Gibson,CHA,37,11.1,10.00,27,0.2,0.5,1.9,1.2,1.8,67.2
Talen Horton-Tucker,CHI,58,12.5,26.00,32,0.4,0.2,1.4,0.7,0.9,76.9
Tari Eason,HOU,57,24.9,36.00,21,1.7,0.9,4.1,2,2.8,70.2
Taurean Prince,MIL,80,27.1,46.00,34,1,0.2,3.2,1.7,2.5,68.9
Taylor Hendricks,UTA,3,24.8,0.00,3,1.7,1.3,3.3,3,5,60
Taze Moore,POR,2,9.9,0.00,2,1,0,2,0.5,0.5,100
Terance Mann,ATL,67,21.1,37.00,30,0.7,0.2,2,1.4,1.9,73.8
Terence Davis,SAC,1,7.9,1.00,0,0,0,1,0,0,0
Terrence Shannon Jr.,MIN,32,10.6,21.00,11,0.2,0.2,1.2,0.3,0.6,55
Terry Rozier,MIA,64,25.9,27.00,37,0.6,0.2,3,1,1.5,63.5
Terry Taylor,SAC,3,2.1,1.00,2,0,0,0,0.3,0.3,100
Thomas Bryant,IND,66,14.6,44.00,22,0.4,0.6,2.5,2,3.5,58.2
Tidjane Salaün,CHA,60,20.7,12.00,48,0.5,0.2,3.5,1.5,2.2,67.7
Tim Hardaway Jr.,DET,77,28,41.00,36,0.5,0.1,2.1,1.2,1.6,73.6
Tobias Harris,DET,73,31.6,40.00,33,1,0.8,5,2,2.7,74.2
Tolu Smith,DET,1,22.4,0.00,1,0,0,4,4,5,80
Tony Bradley,IND,14,8.1,11.00,3,0.1,0.6,1.7,0.6,1.3,50
Torrey Craig,BOS,26,12.1,16.00,10,0.3,0.5,1.8,0.9,1.4,62.2
Tosan Evbuomwan,BKN,28,23.7,8.00,20,0.9,0.4,3.1,1.7,2.7,61.8
Toumani Camara,POR,78,32.7,33.00,45,1.5,0.6,3.6,2.4,3.8,64.1
Trae Young,ATL,76,36,36.00,40,1.2,0.2,2.6,1.2,1.4,82.7
Trayce Jackson-Davis,GSW,62,15.6,33.00,29,0.4,0.6,3,1.8,3,60.6
Tre Jones,CHI,46,19.7,21.00,25,0.8,0.2,1.8,0.7,0.9,71.4
Tre Mann,CHA,13,24.5,6.00,7,0.5,0.3,2,1.4,2.2,62.1
Trendon Watford,BKN,44,20.7,16.00,28,0.6,0.3,2.8,1.5,2.3,65.7
Trentyn Flowers,LAC,6,4.4,4.00,2,0,0,0.5,0.2,0.3,50
Trevelin Queen,ORL,31,13.9,15.00,16,1,0.3,0.9,0.7,1.2,62.2
Trey Alexander,DEN,23,5,14.00,9,0.1,0,0.5,0.4,0.4,90
Trey Jemison III,LAL,38,10.3,17.00,21,0.2,0.4,1.6,0.9,1.6,56.7
Trey Lyles,SAC,69,19.6,34.00,35,0.6,0.3,3.4,1.6,2.4,67.3
Trey Murphy III,NOP,53,35,14.00,39,1.1,0.7,4.2,2.9,4.1,71.4
Tristan Thompson,CLE,40,8.2,31.00,9,0.1,0.3,2.6,0.7,1.4,53.7
Tristan Vukcevic,WAS,35,14.6,7.00,28,0.3,0.7,3,2.3,3.7,61.7
Tristan da Silva,ORL,74,22,35.00,39,0.4,0.2,2.3,1.4,2.2,64.4
Tristen Newton,MIN,8,2,2.00,6,0.1,0,0.3,0,0.1,0
Ty Jerome,CLE,70,19.9,55.00,15,1.1,0,1.8,0.9,1.1,82.1
TyTy Washington Jr.,PHX,16,7.4,4.00,12,0.2,0,0.6,0.4,0.5,75
Tyler Herro,MIA,77,35.4,37.00,40,0.9,0.2,4.7,1.8,2.6,68.5
Tyler Kolek,NYK,41,7.2,27.00,14,0.3,0.1,0.5,0.2,0.3,69.2
Tyler Smith,MIL,23,5.3,12.00,11,0.1,0.2,0.8,0.5,0.8,57.9
Tyrese Haliburton,IND,73,33.6,46.00,27,1.4,0.7,3,1.5,2.4,65.1
Tyrese Martin,BKN,60,21.9,16.00,44,0.6,0.2,2.7,1.4,2.1,66.9
Tyrese Maxey,PHI,52,37.7,20.00,32,1.8,0.4,3.1,1.2,1.6,73.2
Tyson Etienne,BKN,7,21.6,1.00,6,0.4,0.1,0.9,0.6,0.9,66.7
Tyus Jones,PHX,81,26.8,36.00,45,0.9,0.1,1.9,0.9,1.1,83
Ulrich Chomche,TOR,7,4.6,3.00,4,0,0.1,0.6,0.6,0.9,66.7
Vasilije Micic,PHX,41,19.1,8.00,33,0.4,0,1.7,1,1.3,82.7
Victor Wembanyama,SAS,46,33.2,21.00,25,1.1,3.8,9.2,4.1,8.1,50
Vince Williams Jr.,MEM,27,18.5,10.00,17,0.4,0.3,2.8,1.5,1.9,76.9
Vlatko Čančar,DEN,13,10.4,2.00,11,0.2,0.2,2,0.8,1.2,62.5
Vít Krejčí,ATL,57,20.2,28.00,29,0.6,0.5,2.4,1.3,2,67.9
Walker Kessler,UTA,58,30,14.00,44,0.6,2.4,7.6,4.1,7.5,54.8
Wendell Carter Jr.,ORL,68,25.9,31.00,37,0.8,0.6,5,2.3,4,57.2
Wendell Moore Jr.,CHA,36,13.9,11.00,25,0.6,0.1,1.8,1,1.2,83.3
Xavier Tillman,BOS,33,7,26.00,7,0.3,0.2,1,0.6,1,65.6
Yuki Kawamura,MEM,22,4.2,17.00,5,0.1,0,0.5,0.3,0.3,85.7
Yuri Collins,GSW,2,8.2,2.00,0,1,0,0.5,1,1,100
Yves Missi,NOP,73,26.8,19.00,54,0.5,1.3,4.7,3.8,6.2,60.9
Zaccharie Risacher,ATL,75,24.6,38.00,37,0.7,0.5,2.4,2.1,3,69.5
Zach Collins,CHI,64,15.3,34.00,30,0.5,0.5,2.9,1.8,3.1,57
Zach Edey,MEM,66,21.5,35.00,31,0.5,1.3,4.8,2.6,4.6,57.6
Zach LaVine,SAC,74,35.2,32.00,42,0.8,0.2,4,1.8,2.2,78.3
Zeke Nnaji,DEN,57,10.7,36.00,21,0.4,0.7,1,1.3,2.2,57.5
Ziaire Williams,BKN,63,24.5,22.00,41,1,0.4,3.6,1.5,2.3,64.6
Zion Williamson,NOP,30,28.6,10.00,20,1.2,0.9,4.7,1.7,2.5,65.8
Zyon Pullin,MEM,3,0.9,1.00,2,0,0,0,0.3,0.3,100
League Average,,,,,,,,,,,