Player,Age,Team,Pos,G,GS,MP,DRB,STL,BLK,PF
Mikal Bridges,28,NYK,SF,82.00,82,3036,2.2,0.9,0.5,1.5
Josh Hart,29,NYK,SG,77.00,77,2897,7.2,1.5,0.3,2.5
Anthony Edwards,23,MIN,SG,79.00,79,2871,4.9,1.1,0.6,1.9
Devin Booker,28,PHO,SG,75.00,75,2795,2.9,0.9,0.2,2.6
James Harden,35,LAC,PG,79.00,79,2789,5.2,1.5,0.7,2.1
DeMar DeRozan,35,SAC,SF,77.00,77,2768,3.2,0.8,0.4,2
Trae Young,26,ATL,PG,76.00,76,2739,2.6,1.2,0.2,1.9
Tyler Herro,25,MIA,SG,77.00,77,2725,4.8,0.9,0.2,1.1
OG Anunoby,27,NYK,PF,74.00,74,2706,3.5,1.5,0.9,2.3
Jalen Green,22,HOU,SG,82.00,82,2697,4.4,0.9,0.4,1.7
Christian Braun,23,DEN,SG,79.00,77,2675,4.2,1.1,0.5,2.3
Bam Adebayo,27,MIA,C,78.00,78,2674,7.6,1.3,0.7,2.2
Ivica Zubac,27,LAC,C,80.00,80,2624,9.7,0.8,1.2,2.3
Jayson Tatum,26,BOS,PF,72.00,72,2624,7.9,1,0.5,2.2
Jaden McDaniels,24,MIN,PF,82.00,82,2614,4.7,1.5,1,3.1
Keegan Murray,24,SAC,PF,76.00,76,2610,5,0.8,1,2.6
Zach LaVine,29,2TM,SG,74.00,74,2602,4.1,0.8,0.2,1.7
Shai Gilgeous-Alexander,26,OKC,PG,76.00,76,2598,4.3,1.8,1.1,2.3
Michael Porter Jr.,26,DEN,SF,77.00,77,2593,5.6,0.7,0.5,2.2
Derrick White,30,BOS,SG,76.00,76,2574,3.8,1,1.1,1.9
Dyson Daniels,21,ATL,SG,76.00,76,2571,4.6,3.2,0.8,2.5
Nikola Jokić,29,DEN,C,70.00,70,2571,9.7,1.8,0.6,2.2
Austin Reaves,26,LAL,SG,73.00,73,2550,3.8,1.1,0.3,2.1
Toumani Camara,24,POR,PF,78.00,78,2548,3.9,1.6,0.7,3.2
Pascal Siakam,30,IND,PF,78.00,78,2548,5.8,1,0.6,2.7
Brook Lopez,36,MIL,C,80.00,80,2546,4.1,0.7,2.1,2.4
Karl-Anthony Towns,29,NYK,C,72.00,72,2517,10.1,1,0.7,3.6
Bub Carrington,19,WAS,PG,82.00,57,2458,4.5,0.8,0.3,2.8
Cade Cunningham,23,DET,PG,70.00,70,2452,5.4,1,0.8,2.9
Tyrese Haliburton,24,IND,PG,73.00,73,2451,3.2,1.5,0.7,1.4
Coby White,24,CHI,SG,74.00,73,2450,3.6,1,0.2,2.3
LeBron James,40,LAL,SF,70.00,70,2444,7,1,0.6,1.5
Domantas Sabonis,28,SAC,C,70.00,70,2429,10.4,0.7,0.4,3.4
Jamal Murray,27,DEN,PG,67.00,67,2418,3.2,1.4,0.5,1.9
Alperen Şengün,22,HOU,C,76.00,76,2395,7.9,1.3,0.9,3.1
Dillon Brooks,29,HOU,SF,75.00,75,2388,3,0.9,0.2,3.6
Rudy Gobert,32,MIN,C,72.00,72,2388,7.8,0.8,1.6,2.7
Tobias Harris,32,DET,PF,73.00,73,2305,5.7,1.2,0.9,2.2
Darius Garland,25,CLE,PG,75.00,75,2301,2.6,1.4,0.2,2.2
Jalen Brunson,28,NYK,PG,65.00,65,2301,2.5,0.9,0.1,2.2
Jarrett Allen,26,CLE,C,82.00,82,2296,9.1,1.2,1.1,2
Chris Paul,39,SAS,PG,82.00,82,2292,4.1,1.6,0.3,2.4
Anfernee Simons,25,POR,SG,70.00,70,2292,2.6,0.9,0.1,1.8
Giannis Antetokounmpo,30,MIL,PF,67.00,67,2289,10.2,0.9,1.2,2.4
Malik Beasley,28,DET,SG,82.00,18,2283,2.6,1.2,0.1,2
Kentavious Caldwell-Pope,31,ORL,SG,77.00,77,2279,2.1,1.6,0.5,2.1
Nikola Vučević,34,CHI,C,73.00,72,2278,8.8,1,0.8,2.6
Payton Pritchard,27,BOS,PG,80.00,3,2271,3.2,1.1,0.2,1.9
Kevin Durant,36,PHO,PF,62.00,62,2265,5.6,0.8,1.2,1.7
Shaedon Sharpe,21,POR,SG,72.00,52,2252,4.1,1,0.3,1.9
Stephen Curry,36,GSW,PG,70.00,70,2252,4.3,1.3,0.5,1.5
De'Aaron Fox,27,2TM,PG,62.00,62,2241,3.9,1.5,0.4,2.6
Jalen Williams,23,OKC,SG,69.00,69,2237,5,1.8,0.7,2.5
Donovan Mitchell,28,CLE,SG,71.00,71,2232,4.3,1.5,0.3,2.3
Harrison Barnes,32,SAS,PF,82.00,82,2230,3.4,0.6,0.2,1.2
Julius Randle,30,MIN,PF,69.00,69,2226,5.5,0.8,0.3,2.8
Amen Thompson,22,HOU,SF,69.00,42,2225,6,1.6,1.4,2.7
Jaren Jackson Jr.,25,MEM,C,74.00,74,2207,5.3,1.5,1.8,4.2
Desmond Bane,26,MEM,SG,69.00,68,2205,5.8,1.3,0.5,2.7
Naz Reid,25,MIN,C,80.00,17,2200,6.3,0.9,1.2,3.1
Tyus Jones,28,PHO,PG,81.00,58,2174,2.6,1.1,0.1,1
Myles Turner,28,IND,C,72.00,72,2174,6.3,0.9,2.4,3
Evan Mobley,23,CLE,PF,71.00,71,2167,8.2,1,1.9,2.3
Taurean Prince,30,MIL,SF,80.00,73,2166,4.2,1.3,0.2,2.7
Stephon Castle,20,SAS,SG,81.00,47,2162,3.5,1.2,0.4,2.7
Deni Avdija,24,POR,SF,72.00,54,2161,6.9,1.2,0.6,2.8
Jaylen Brown,28,BOS,SF,63.00,63,2158,4.8,1.2,0.3,2.6
Tim Hardaway Jr.,32,DET,SG,77.00,77,2153,2.8,0.6,0.1,1.6
Bennedict Mathurin,22,IND,SF,72.00,49,2149,5,0.8,0.4,2.7
Spencer Dinwiddie,31,DAL,PG,79.00,30,2136,3.2,1.2,0.3,2
Scottie Barnes,23,TOR,PF,65.00,65,2134,6.6,1.6,1.1,1.9
Max Christie,21,2TM,SG,78.00,36,2127,3.7,1.1,0.5,1.9
Josh Giddey,22,CHI,PG,70.00,69,2117,7.5,1.4,0.8,2.1
Fred VanVleet,30,HOU,PG,60.00,60,2111,3.2,1.6,0.4,2.4
Keyonte George,21,UTA,PG,67.00,35,2109,3.9,0.8,0.2,1.9
Dennis Schröder,31,3TM,PG,75.00,49,2105,2.9,1.1,0.2,3.1
Damian Lillard,34,MIL,PG,58.00,58,2093,4.2,1.2,0.2,1.7
Russell Westbrook,36,DEN,PG,75.00,36,2092,4.6,1.8,0.6,3.2
Kelly Oubre Jr.,29,PHI,SF,60.00,57,2078,4.7,1.6,0.5,3.1
Nickeil Alexander-Walker,26,MIN,SG,82.00,10,2073,3.7,0.9,0.6,2.4
Luguentz Dort,25,OKC,SF,71.00,71,2073,3.5,1.4,0.7,3.6
Onyeka Okongwu,24,ATL,C,74.00,40,2064,7.7,1.2,1.2,3.4
Malik Monk,26,SAC,SG,65.00,45,2054,3.8,1.1,0.7,2.8
Jaylen Wells,21,MEM,SG,79.00,74,2043,3.2,0.8,0.1,2.6
Jalen Duren,21,DET,C,78.00,78,2034,9.4,1,1.6,4.4
Jalen Wilson,24,BRK,PF,79.00,22,2031,3.5,0.7,0.1,2.9
Miles Bridges,26,CHO,PF,64.00,64,2029,7.3,0.8,0.8,1.7
Davion Mitchell,26,2TM,PG,74.00,37,2027,2.3,1.3,0.3,3.3
Franz Wagner,23,ORL,SF,60.00,60,2023,5.1,1.3,0.4,2.6
Quentin Grimes,24,2TM,SG,75.00,37,2013,4.7,1.3,0.4,2.5
Jordan Poole,25,WAS,SG,68.00,68,2001,3.1,1.5,0.5,3.6
Draymond Green,34,GSW,PF,68.00,66,1983,6.2,1.8,1.3,4
Devin Vassell,24,SAS,SG,64.00,53,1983,4,1.5,0.6,2
Klay Thompson,34,DAL,SF,72.00,72,1965,3.7,0.9,0.5,1.5
Tyrese Maxey,24,PHI,PG,52.00,52,1960,2.9,1.7,0.4,2.1
Norman Powell,31,LAC,SG,60.00,60,1958,3.1,1.3,0.2,2.1
Yves Missi,20,NOP,C,73.00,67,1956,6.4,0.7,1.8,2.7
Keon Ellis,25,SAC,SG,80.00,28,1948,2.8,2.2,1.2,3.3
Bilal Coulibaly,20,WAS,SF,59.00,59,1948,3.8,1.4,0.8,2.6
Kyle Kuzma,29,2TM,PF,65.00,62,1936,5.9,0.7,0.4,2.2
Julian Champagnie,23,SAS,SF,82.00,29,1932,4.7,1.1,0.7,2.1
Keon Johnson,22,BRK,SG,79.00,56,1925,4.4,1.5,0.6,3.9
Naji Marshall,27,DAL,SF,69.00,31,1919,4.7,1.3,0.2,2
Jrue Holiday,34,BOS,PG,62.00,62,1896,3.6,1.3,0.5,1.9
Guerschon Yabusele,29,PHI,C,70.00,43,1895,5,1.1,0.5,3.1
Gary Trent Jr.,26,MIL,SG,74.00,9,1893,2.8,1.4,0.1,2.4
Anthony Black,21,ORL,PG,78.00,10,1887,3.4,1.6,0.9,3.2
Josh Green,24,CHO,SG,68.00,67,1887,2.2,1.4,0.3,3.1
Nic Claxton,25,BRK,C,70.00,62,1882,6.8,1.2,1.9,2.9
Andrew Nembhard,25,IND,SG,65.00,65,1881,3.5,1.5,0.2,2.9
Cason Wallace,21,OKC,SG,68.00,43,1876,3,2.3,0.7,2.8
Derrick Jones Jr.,27,LAC,SF,77.00,55,1873,3.3,1.5,0.6,2.9
Rui Hachimura,26,LAL,PF,59.00,57,1869,4.2,0.9,0.5,2
RJ Barrett,24,TOR,SF,58.00,58,1869,5.9,0.9,0.3,2.6
Buddy Hield,32,GSW,SG,82.00,22,1863,4.1,1.3,0.4,2.6
Trey Murphy III,24,NOP,SF,53.00,51,1854,4.3,1.1,0.8,2.2
Zaccharie Risacher,19,ATL,SF,75.00,73,1843,3.6,1,0.7,2.9
Andrew Wiggins,29,2TM,SF,60.00,60,1842,3.5,1.2,1,2
Isaiah Collier,20,UTA,PG,71.00,46,1839,4,1.3,0.3,2.9
Keldon Johnson,25,SAS,SF,77.00,0,1838,5.1,1,0.4,2.3
Royce O'Neale,31,PHO,SF,75.00,22,1837,5.8,1.3,0.7,3
P.J. Washington,26,DAL,PF,57.00,56,1835,7.1,1.2,1.2,2.6
CJ McCollum,33,NOP,PG,56.00,56,1832,3.3,0.9,0.5,2.4
Haywood Highsmith,28,MIA,SF,74.00,42,1818,3.6,1.3,0.7,3.2
Dorian Finney-Smith,31,2TM,PF,63.00,40,1818,3.3,1.1,0.5,2.7
Alex Sarr,19,WAS,C,67.00,67,1814,6.2,0.9,2,2.9
Kyrie Irving,32,DAL,SG,50.00,50,1804,3.6,1.3,0.5,2
Kyshawn George,21,WAS,SG,68.00,38,1802,4.7,1.4,1,4
Cameron Johnson,28,BRK,PF,57.00,57,1800,3.9,1.1,0.5,2.1
Duncan Robinson,30,MIA,SF,74.00,37,1785,3,0.8,0.1,2.7
Kris Dunn,30,LAC,PG,74.00,58,1783,4,2.6,0.5,4
Luka Dončić,25,2TM,PG,50.00,50,1769,7.5,1.8,0.4,2.6
Scoot Henderson,20,POR,PG,66.00,10,1759,3,1.4,0.3,3.7
Wendell Carter Jr.,25,ORL,C,68.00,51,1758,7,1.1,0.8,4.1
Collin Sexton,26,UTA,SG,63.00,61,1758,2.3,1,0.1,2.9
Mike Conley,37,MIN,PG,71.00,64,1756,3.1,1.6,0.3,2.3
Amir Coffey,27,LAC,SG,72.00,13,1748,2.7,0.8,0.1,2.5
Jimmy Butler,35,2TM,SF,55.00,55,1746,3.5,1.6,0.4,1.1
Aaron Wiggins,26,OKC,SG,76.00,26,1744,4.4,1.2,0.4,2.1
Walker Kessler,23,UTA,C,58.00,58,1740,9.1,0.7,2.9,2.7
De'Andre Hunter,27,2TM,SF,64.00,9,1740,4.4,1,0.3,3.2
Ochai Agbaji,24,TOR,SG,64.00,45,1739,3.7,1.2,0.6,2.6
Brandin Podziemski,21,GSW,SG,64.00,33,1716,5.5,1.4,0.3,2
Jabari Smith Jr.,21,HOU,PF,57.00,39,1716,6.2,0.5,0.9,2.6
Anthony Davis,31,2TM,C,51.00,51,1706,9.6,1.2,2.3,2.1
Bradley Beal,31,PHO,SG,53.00,38,1702,3,1.2,0.6,2.9
Georges Niang,31,2TM,PF,79.00,3,1697,4.8,0.6,0.3,4.3
Jakob Poeltl,29,TOR,C,57.00,56,1686,7.6,1.4,1.5,3.8
Scotty Pippen Jr.,24,MEM,PG,79.00,21,1683,4.1,2.2,0.6,4.3
Kevin Huerter,26,2TM,SG,69.00,31,1679,3.8,1.4,0.5,2.6
Santi Aldama,24,MEM,PF,65.00,16,1660,7,1.1,0.6,1.6
A.J. Green,25,MIL,SG,73.00,7,1659,3.4,0.8,0.2,3.4
Al Horford,38,BOS,C,60.00,42,1659,6.3,0.8,1.1,1.8
Terry Rozier,30,MIA,PG,64.00,23,1658,4.2,0.8,0.3,1.6
Peyton Watson,22,DEN,SF,68.00,18,1656,4,1,2,2.7
Moses Moody,22,GSW,SG,74.00,34,1649,3,1.3,0.7,2.5
Tristan Da Silva,23,ORL,SF,74.00,38,1629,3.8,0.7,0.4,2.1
Donte DiVincenzo,28,MIN,SG,62.00,10,1606,4.4,1.6,0.4,2.6
Isaiah Joe,25,OKC,SG,74.00,16,1604,3.5,1.1,0.2,2.5
Corey Kispert,25,WAS,SF,61.00,0,1602,3.3,0.6,0.3,2.2
Caris LeVert,30,2TM,SG,64.00,3,1596,3.7,1.3,0.7,2.2
Miles McBride,24,NYK,SG,64.00,10,1593,2.6,1.5,0.4,2.4
Isaiah Hartenstein,26,OKC,C,57.00,53,1590,10.1,1.1,1.4,3.9
Gradey Dick,21,TOR,SG,54.00,54,1587,3.4,1.1,0.2,2.7
Paolo Banchero,22,ORL,PF,46.00,46,1582,6.7,0.8,0.6,2.2
Patrick Williams,23,CHI,PF,63.00,36,1576,4.4,1.1,0.7,2
Obi Toppin,26,IND,PF,79.00,4,1545,6.1,1.1,0.7,2.5
Grayson Allen,29,PHO,SG,64.00,7,1544,3.7,1.3,0.4,2.2
Sam Hauser,27,BOS,PF,71.00,19,1541,4.2,1,0.3,2
Ziaire Williams,23,BRK,SF,63.00,45,1541,5.3,1.4,0.7,3.5
Gabe Vincent,28,LAL,PG,72.00,11,1527,1.7,1.2,0.3,3.6
Victor Wembanyama,21,SAS,C,46.00,46,1527,10,1.2,4.1,2.5
Jerami Grant,30,POR,PF,47.00,47,1524,3.2,1,1.1,2.6
Jonas Valančiūnas,32,2TM,C,81.00,21,1524,10.3,0.9,1.1,4.3
Kyle Filipowski,21,UTA,C,72.00,27,1522,7.8,1.1,0.5,4
Ja Morant,25,MEM,PG,50.00,50,1519,4.1,1.4,0.3,2.7
Matas Buzelis,20,CHI,SF,80.00,31,1511,5.3,0.7,1.8,3
LaMelo Ball,23,CHO,PG,47.00,47,1505,4.4,1.3,0.3,3.8
Dalton Knecht,23,LAL,SF,78.00,16,1494,4.3,0.6,0.2,2.2
Kevin Porter Jr.,24,2TM,SG,75.00,4,1482,5.7,2,0.3,2.9
D'Angelo Russell,28,2TM,PG,58.00,36,1480,3.5,1.4,0.6,2.8
Lauri Markkanen,27,UTA,PF,47.00,47,1476,5,0.8,0.4,1.9
Luke Kennard,28,MEM,SG,65.00,11,1472,3.6,1.2,0.1,1.4
Jamal Shead,22,TOR,PG,75.00,11,1467,2.1,1.4,0.2,3.9
Aaron Gordon,29,DEN,PF,51.00,42,1447,4.2,0.6,0.3,2
Isaiah Stewart,23,DET,C,72.00,4,1434,6.8,0.7,2.5,4.6
Brice Sensabaugh,21,UTA,SF,71.00,15,1432,4.2,1.2,0.2,2.8
Goga Bitadze,25,ORL,C,70.00,42,1430,7.5,1.2,2.5,3.8
Kel'el Ware,20,MIA,C,64.00,36,1422,9,1,1.8,2.8
Tari Eason,23,HOU,PF,57.00,16,1420,5.9,2.5,1.3,3.4
Zach Edey,22,MEM,C,66.00,55,1416,8,0.9,2.2,4.6
T.J. McConnell,32,IND,PG,79.00,1,1415,3.8,2.1,0.5,2
Terance Mann,28,2TM,SG,67.00,13,1414,3.3,1.2,0.4,3.3
Ryan Dunn,22,PHO,SF,74.00,44,1410,4.5,1.1,1,4.1
Sam Merrill,28,CLE,SG,71.00,4,1401,3.1,1.4,0.4,3.2
Ayo Dosunmu,25,CHI,SG,46.00,26,1394,3.5,1.1,0.5,2.7
Ty Jerome,27,CLE,SG,70.00,3,1392,3.2,2,0.1,2.6
Julian Strawther,22,DEN,SG,65.00,4,1384,3.3,1,0.4,3.9
Nick Smith Jr.,20,CHO,SG,60.00,27,1369,3,0.4,0.2,2.1
Jaime Jaquez Jr.,23,MIA,SF,66.00,17,1368,5.4,1.6,0.4,2.1
Nicolas Batum,36,LAC,PF,78.00,8,1367,4.5,1.4,0.9,2.9
Jose Alvarado,26,NOP,PG,56.00,23,1366,2.9,2,0.4,2.4
Jeremy Sochan,21,SAS,PF,54.00,23,1364,5.9,1.2,0.7,3.5
Luke Kornet,29,BOS,C,73.00,16,1361,5.2,1,1.9,3.1
Trey Lyles,29,SAC,PF,69.00,5,1349,6.3,1.1,0.6,2.3
Jake LaRavia,23,2TM,PF,66.00,0,1349,4.5,1.7,0.6,3.5
Bogdan Bogdanović,32,2TM,SG,54.00,4,1348,3.6,1.1,0.3,3.4
Justin Champagnie,23,WAS,SF,62.00,31,1340,6.4,1.7,1,3
Paul George,34,PHI,PF,41.00,41,1334,5.3,2,0.5,2.7
Ausar Thompson,22,DET,SF,59.00,48,1328,5.2,2.7,1.1,4.4
Donovan Clingan,20,POR,C,67.00,37,1324,8.4,0.9,3,5.1
Jordan Hawkins,22,NOP,SG,56.00,9,1321,3.6,0.8,0.6,1.4
Tyrese Martin,25,BRK,SG,60.00,11,1315,4.4,0.9,0.2,2.1
Mason Plumlee,34,PHO,C,74.00,21,1300,9.4,0.9,1.3,4.3
Jonathan Mogbo,23,TOR,PF,63.00,18,1286,5.7,1.5,1,3.8
Jalen Johnson,23,ATL,SF,36.00,36,1284,8.3,1.6,1,1.9
Max Strus,28,CLE,SF,50.00,37,1273,4.6,0.7,0.3,2.9
Johnny Juzang,23,UTA,SG,64.00,18,1270,4,1.1,0.2,3.6
Ron Holland,19,DET,SF,81.00,2,1266,5.1,1.4,0.5,4
Javonte Green,31,2TM,SG,68.00,19,1258,4.6,1.9,0.9,2.8
Nick Richards,27,2TM,C,57.00,43,1256,9.1,0.4,1.6,4
Dean Wade,28,CLE,PF,59.00,30,1252,5.7,1.2,0.6,2.9
Ricky Council IV,23,PHI,SF,73.00,12,1250,4.7,0.9,0.4,1.9
Tidjane Salaün,19,CHO,PF,60.00,10,1244,6.1,0.8,0.4,2.4
Bobby Portis,29,MIL,PF,49.00,7,1244,9.3,1,0.8,2.7
Moussa Diabaté,23,CHO,C,71.00,8,1241,7.3,1.3,1.2,3.2
Jeremiah Robinson-Earl,24,NOP,PF,66.00,9,1239,6,1.1,0.2,2.3
Simone Fontecchio,29,DET,SF,75.00,0,1237,4.7,0.9,0.3,2.8
Cole Anthony,24,ORL,PG,67.00,22,1234,4.6,1.3,0.9,4.4
Ben Sheppard,23,IND,SG,63.00,9,1228,3.9,1.1,0.4,3.7
Daniel Gafford,26,DAL,C,57.00,31,1226,6.8,0.7,3,4.5
John Collins,27,UTA,PF,40.00,31,1220,7,1.2,1.2,3.4
Caleb Martin,29,2TM,SF,45.00,24,1218,3.7,1.4,0.7,2.6
Kristaps Porziņģis,29,BOS,C,42.00,42,1210,6.4,0.9,1.9,3.5
Brandon Clarke,28,MEM,PF,64.00,18,1207,5.9,1.6,1.1,4.3
Deandre Ayton,26,POR,C,40.00,40,1206,8.4,0.9,1.2,2.6
Jarace Walker,21,IND,PF,75.00,5,1187,6.2,1.6,0.8,3.5
Kawhi Leonard,33,LAC,SF,37.00,37,1180,5.6,1.8,0.5,1.7
Clint Capela,30,ATL,C,55.00,41,1176,9,1,1.6,3.2
Cody Martin,29,2TM,SF,53.00,8,1173,5.2,1.7,1,2.9
Mark Williams,23,CHO,C,44.00,41,1171,9.7,1,1.7,3.2
Precious Achiuwa,25,NYK,C,57.00,10,1170,6.6,1.4,1.3,2.5
Nikola Jović,21,MIA,PF,46.00,10,1156,4.8,1.2,0.4,2.6
Justin Edwards,21,PHI,SF,44.00,26,1155,3.2,1.4,0.5,3.1
Vit Krejci,24,ATL,PG,57.00,16,1153,4.2,1.1,0.8,3.3
Jonathan Kuminga,22,GSW,PF,47.00,10,1144,5.1,1.2,0.7,2.8
Kevon Looney,28,GSW,C,76.00,6,1142,8.7,1.5,1.2,4.9
Kenrich Williams,30,OKC,PF,69.00,7,1132,5.6,1.4,0.3,3.5
Julian Phillips,21,CHI,SF,79.00,5,1123,3.3,1.2,0.6,3.5
Aaron Nesmith,25,IND,SF,45.00,37,1123,4.5,1.1,0.5,3.7
Dalano Banton,25,POR,PG,67.00,7,1120,3.4,1.4,1.1,1.9
Ben Simmons,28,2TM,PG,51.00,24,1120,6.2,1.2,0.7,3.4
Ja'Kobe Walter,20,TOR,SG,52.00,18,1103,3.3,1.4,0.3,3.1
Jaxson Hayes,24,LAL,C,56.00,35,1093,6.3,1,1.7,4.5
Cameron Payne,30,NYK,PG,72.00,5,1090,3,1.3,0.5,3.7
Jonathan Isaac,27,ORL,PF,71.00,1,1090,6.4,2,2.6,3
DaQuan Jeffries,27,CHO,SG,47.00,20,1071,3.3,0.9,0.8,3.3
Jusuf Nurkić,30,2TM,C,51.00,32,1063,10.6,1.4,1.2,4.4
Seth Curry,34,CHO,SG,68.00,14,1062,3,0.9,0.2,2
Cody Williams,20,UTA,SG,50.00,21,1060,2.9,0.8,0.5,3.2
Isaac Okoro,24,CLE,SG,55.00,22,1053,2.8,1.1,0.5,3.6
Oso Ighodaro,22,PHO,PF,61.00,6,1045,5.4,1,1,3.5
Jared Butler,24,2TM,SG,60.00,17,1044,2.9,1.4,0.4,3.3
Jamison Battle,23,TOR,SF,59.00,10,1042,4.2,0.6,0.3,3.2
Noah Clowney,20,BRK,PF,46.00,20,1042,4.8,0.8,0.7,3.6
Alex Caruso,30,OKC,SG,54.00,3,1041,4.2,3,1,3.5
Kris Murray,24,POR,SF,69.00,6,1040,3.7,1.2,0.6,2.3
Dejounte Murray,28,NOP,PG,31.00,31,1012,6.5,2.2,0.4,2.2
Jalen Suggs,23,ORL,PG,35.00,35,1002,4.2,1.8,1.2,3.5
Kyle Anderson,31,2TM,PF,61.00,4,1002,5.5,1.4,1.2,2.9
Brandon Boston Jr.,23,NOP,SG,42.00,10,993,3.8,1.9,0.3,2.6
Dalen Terry,22,CHI,SG,73.00,5,987,3.1,1.6,0.5,4.2
Andre Jackson Jr.,23,MIL,SG,67.00,43,980,4.3,1.2,0.5,4.2
Zach Collins,27,2TM,PF,64.00,12,977,6.9,1.1,1.1,4.9
Trayce Jackson-Davis,24,GSW,C,62.00,37,967,7,0.9,1.4,2.7
Thomas Bryant,27,2TM,C,66.00,8,963,6.3,1,1.5,2.8
Jalen Smith,24,CHI,C,64.00,2,962,10,0.6,1.6,3.6
Jordan Clarkson,32,UTA,SG,37.00,9,962,3.5,1.2,0.3,1.9
Gary Payton II,32,GSW,SG,62.00,11,927,5.1,2,0.7,4.2
Brandon Miller,22,CHO,SF,27.00,27,924,4.1,1.1,0.8,2.9
Bruce Brown,28,2TM,PG,41.00,12,922,4.8,1.3,0.4,2.8
Immanuel Quickley,25,TOR,PG,33.00,33,918,4,0.9,0.2,2.4
Trendon Watford,24,BRK,PF,44.00,6,913,4.8,1.1,0.5,3.7
KJ Martin,24,2TM,PF,43.00,16,912,3.7,0.7,0.9,4
Jaden Hardy,22,DAL,SG,57.00,3,907,3.2,1.1,0.2,3.6
Day'Ron Sharpe,23,BRK,C,50.00,2,907,7.2,1.6,1.7,4.5
Adem Bona,21,PHI,C,58.00,11,905,6.1,1,2.7,5
Tre Jones,25,2TM,PG,46.00,9,905,3.4,1.5,0.4,2.2
Jaden Ivey,22,DET,SG,30.00,30,898,3.4,1.1,0.4,2.7
Kelly Olynyk,33,2TM,C,44.00,22,891,5.8,1.3,0.8,5
Chet Holmgren,22,OKC,C,32.00,32,877,8.6,0.9,2.9,3
Neemias Queta,25,BOS,C,62.00,6,863,6.1,0.8,1.8,4.4
Alec Burks,33,MIA,SG,49.00,14,863,4.5,1.2,0.3,1.5
Chris Boucher,32,TOR,PF,50.00,0,862,6.4,1,1,2.8
Zion Williamson,24,NOP,PF,30.00,30,857,5.9,1.6,1.1,3.4
Khris Middleton,33,2TM,SF,37.00,21,843,5.3,1.5,0.3,3.2
KJ Simpson,22,CHO,PG,36.00,15,842,3,1.5,0.3,2.4
Shake Milton,28,2TM,SG,57.00,2,837,3.1,1.1,0.2,2.9
Dereck Lively II,20,DAL,C,36.00,29,833,7.2,0.9,2.4,4.3
Garrison Mathews,28,ATL,SG,47.00,2,830,3.2,1.1,0.7,3.5
Cam Whitmore,20,HOU,SF,51.00,3,827,5,1.3,0.6,1.9
Ryan Rollins,22,MIL,PG,56.00,19,820,3.8,1.8,0.7,3.9
Marcus Sasser,24,DET,PG,57.00,1,811,2.3,1.6,0.2,3.2
Steven Adams,31,HOU,C,58.00,3,794,7.3,1,1.3,2.7
Aaron Holiday,28,HOU,PG,62.00,3,792,3,0.9,0.5,2.9
Karlo Matković,23,NOP,PF,42.00,7,791,6.6,1,1.9,4.8
Caleb Houstan,22,ORL,SF,58.00,6,788,2.6,1,0.3,2.8
Vasilije Micić,31,2TM,PG,41.00,16,785,3.2,0.7,0,2.1
Jaylin Williams,22,OKC,PF,47.00,9,784,9.8,1,1.3,3.6
Pelle Larsson,23,MIA,SG,55.00,8,782,2.9,1.5,0.3,4.2
Cam Thomas,23,BRK,SG,25.00,23,781,3.1,0.7,0.1,2
Lindy Waters III,27,2TM,SG,52.00,9,778,4.2,1.2,0.5,2.9
Lonzo Ball,27,CHI,PG,35.00,14,777,4.3,2.2,0.8,2.5
Orlando Robinson,24,2TM,C,44.00,8,770,6.1,0.8,0.7,4.7
Eric Gordon,36,PHI,SG,39.00,13,768,1.8,1.2,0.6,1.5
Gui Santos,22,GSW,PF,56.00,2,762,4.7,1.2,0.5,4.3
Landry Shamet,27,NYK,SG,50.00,0,762,2.4,1.1,0.1,2.5
Svi Mykhailiuk,27,UTA,SF,38.00,13,760,3.2,0.9,0.3,2
Andre Drummond,31,PHI,C,40.00,23,751,9.6,1.9,0.9,4.5
Jabari Walker,22,POR,PF,60.00,1,749,7.3,1.6,0.3,4.2
Jay Huff,26,MEM,C,64.00,2,748,4.8,0.8,2.7,3.8
Drew Eubanks,27,2TM,C,61.00,4,746,8,0.6,1.9,3
Talen Horton-Tucker,24,CHI,SG,58.00,0,724,4,1,0.5,2.9
Gary Harris,30,ORL,SG,48.00,3,711,2.2,1.3,0.6,2.3
Micah Potter,26,UTA,C,38.00,10,705,6.2,0.7,0.7,2.6
Jett Howard,21,ORL,SF,60.00,0,701,2.6,0.7,0.6,3.5
DeAndre Jordan,36,DEN,C,56.00,5,691,10.4,0.8,1.4,3.9
Quinten Post,24,GSW,PF,42.00,14,686,5.9,0.8,0.9,4.4
Blake Wesley,21,SAS,SG,58.00,0,683,2.3,2,0.3,2.4
Sandro Mamukelashvili,25,SAS,PF,61.00,0,681,6.6,1.2,0.9,3.2
Marcus Smart,30,2TM,PG,34.00,7,680,2.9,2.1,0.5,2.8
Jalen Pickett,25,DEN,SG,49.00,4,666,3,1,0.3,2.1
Tosan Evbuomwan,23,BRK,SF,28.00,0,665,4.8,1.3,0.5,3
Antonio Reeves,24,NOP,SG,44.00,6,660,2.5,1.1,0.2,2.2
Kyle Lowry,38,PHI,PG,35.00,12,659,3.1,1.8,0.6,3.4
Reed Sheppard,20,HOU,PG,52.00,3,654,3.4,1.9,0.9,2.9
Herbert Jones,26,NOP,SF,20.00,20,648,3.1,2.1,0.5,3.7
AJ Johnson,20,2TM,SG,29.00,11,639,2.9,0.7,0.2,2.8
Maxi Kleber,33,DAL,PF,34.00,4,637,4,0.5,1,3.7
Delon Wright,32,2TM,PG,40.00,7,635,2.2,2,0.7,1.4
Jericho Sims,26,2TM,C,53.00,5,632,7.2,0.6,1.1,3.7
Josh Okogie,26,2TM,SG,40.00,7,625,3.9,2.8,1,2.7
Jeff Dowtin Jr.,27,PHI,PG,41.00,3,621,2.8,1.4,0.7,1.7
Daniel Theis,32,NOP,C,38.00,9,621,7,1,1.2,4.1
Cory Joseph,33,ORL,PG,50.00,16,612,3.4,1.5,0.2,2.9
Zeke Nnaji,24,DEN,PF,57.00,4,608,3.4,1.5,2.3,3.7
Kessler Edwards,24,DAL,SF,40.00,18,608,5.5,1.1,1.2,3.7
Pat Connaughton,32,MIL,SG,41.00,1,603,5.4,0.5,0.7,2.7
Ajay Mitchell,22,OKC,SG,36.00,1,597,3,1.5,0.2,4.1
Brandon Ingram,27,NOP,SF,18.00,18,595,5,1,0.7,2.7
Jared McCain,20,PHI,SG,23.00,8,592,2.6,0.9,0,2.3
Cam Reddish,25,LAL,SF,33.00,8,589,3,2,0.6,2.6
Jae'Sean Tate,29,HOU,SF,52.00,2,588,4.1,1.6,0.4,5
Olivier-Maxence Prosper,22,DAL,PF,52.00,4,584,5.1,1.6,0.4,1.7
Jarred Vanderbilt,25,LAL,PF,36.00,2,581,7.1,2.2,0.6,4.2
Joel Embiid,30,PHI,C,19.00,19,574,7.5,0.9,1.1,2.6
Monte Morris,29,PHO,PG,45.00,0,571,3.5,1.3,0.2,1.5
Moritz Wagner,27,ORL,C,30.00,1,564,6.9,1.5,0.8,3.5
Malcolm Brogdon,32,WAS,PG,24.00,13,564,4.5,0.8,0.3,1.9
John Konchar,28,MEM,SG,46.00,4,558,7.4,1.9,0.9,2.1
Dwight Powell,33,DAL,C,55.00,3,551,4.6,1.2,1.4,4.9
Dillon Jones,23,OKC,SF,54.00,3,551,5.9,1,0.3,3.5
Jordan Goodwin,26,LAL,PG,29.00,5,543,4.9,2,0.7,2.9
Richaun Holmes,31,WAS,PF,31.00,7,534,7.8,0.6,1.6,3.3
Mouhamed Gueye,22,ATL,PF,33.00,28,533,6.4,1.9,2.2,3.7
Bismack Biyombo,32,SAS,C,28.00,26,528,7.8,1.1,1.6,3.5
Jaylen Clark,23,MIN,SG,40.00,4,522,1.9,2.5,0.1,4.2
Rob Dillingham,20,MIN,PG,49.00,1,516,2.7,1.4,0.1,2.6
Colby Jones,22,2TM,SG,39.00,0,515,4.6,1.8,0.9,2.6
Craig Porter Jr.,24,CLE,PG,51.00,1,513,3.4,1.2,1.1,1.8
Tristan Vukcevic,21,WAS,C,35.00,1,513,7.3,0.8,1.6,4
Elfrid Payton,30,2TM,PG,24.00,9,511,4.5,1.7,0.8,2.5
Jamal Cain,25,NOP,SF,37.00,0,502,4.2,1.6,0.6,3.3
Keaton Wallace,25,ATL,PG,31.00,5,501,3.1,2,0.6,2.8
Jock Landale,29,HOU,C,42.00,3,500,5.8,0.9,0.7,3.5
Vince Williams Jr.,24,MEM,SG,27.00,5,499,5.5,0.9,0.5,3.2
Wendell Moore Jr.,23,2TM,SG,36.00,1,499,4.7,1.4,0.4,2.2
Brandon Williams,25,DAL,PG,33.00,3,487,3.4,1.8,0.4,2.4
A.J. Lawson,24,TOR,SG,26.00,2,486,4.9,1,0.4,3.3
Grant Williams,26,CHO,PF,16.00,7,479,4.8,1.4,1,3.5
Lonnie Walker IV,26,PHI,SG,20.00,7,477,4.3,0.8,0.4,2
Duop Reath,28,POR,C,46.00,0,469,3.7,0.9,1.1,3.1
Reece Beekman,23,2TM,PG,36.00,4,469,2,2.5,0.2,2.8
Kai Jones,24,2TM,C,40.00,6,468,6.5,1.2,1.8,3.8
Larry Nance Jr.,32,ATL,PF,24.00,3,463,6.2,1.6,1,2.9
Collin Gillespie,25,PHO,PG,33.00,9,461,4.4,1.6,0.4,2.3
Rayan Rupert,20,POR,SG,52.00,0,460,3.4,1.3,0.3,2.9
GG Jackson II,20,MEM,PF,29.00,3,459,5.1,0.9,0.4,2.4
Jaylon Tyson,22,CLE,SG,47.00,3,453,4.7,1,0.2,4
Bol Bol,25,PHO,PF,36.00,10,448,6.8,0.7,2,1.6
Paul Reed,25,DET,C,45.00,0,438,6.8,3.2,2.1,6.2
Colin Castleton,24,3TM,C,26.00,4,432,5.7,0.7,0.8,4.2
Trevelin Queen,27,ORL,SG,31.00,2,430,2.3,2.6,0.8,3.2
Malaki Branham,21,SAS,SG,47.00,0,427,3.7,0.9,0.2,2.4
Jordan Miller,25,LAC,SF,37.00,0,420,3,1.5,0.4,2.2
Mo Bamba,26,2TM,C,32.00,2,413,9.8,0.8,2.7,4.9
David Roddy,23,3TM,PF,33.00,3,410,6.2,1.2,0.8,1.8
Taj Gibson,39,CHO,C,37.00,11,409,6.1,0.8,1.6,4.8
Ousmane Dieng,21,OKC,C,37.00,1,405,5.6,1.5,0.6,2.9
Jordan Walsh,20,BOS,PF,52.00,1,403,4.1,1.1,1,2.7
Hunter Tyson,24,DEN,PF,51.00,2,400,4.8,0.9,0.5,4
Anthony Gill,32,WAS,PF,51.00,0,397,4.4,0.8,0.2,2.7
Devin Carter,22,SAC,PG,36.00,0,396,5.2,1.9,0.4,3.5
Jeff Green,38,HOU,PF,32.00,3,396,4.3,0.5,0.4,2.9
Trey Jemison,25,2TM,C,38.00,0,392,5.6,0.8,1.4,6.3
Reggie Jackson,34,PHI,PG,31.00,1,384,3.2,1.5,0.3,3.2
Baylor Scheierman,24,BOS,SG,31.00,2,384,4.3,1.6,0.2,2.1
Quenton Jackson,26,IND,PG,28.00,7,381,2.8,2,0.5,4.1
Alex Len,31,2TM,C,46.00,7,380,5.4,0.9,2,5.3
Johnny Furphy,20,IND,SG,50.00,0,379,4.6,1.7,1,3.9
Charles Bassey,24,SAS,C,36.00,1,376,9.2,1.3,2.9,4.8
Dominick Barlow,21,ATL,PF,35.00,4,375,4.8,0.9,1.5,4.5
Dante Exum,29,DAL,PG,20.00,13,372,2.8,1.2,0.3,3.3
Damion Baugh,24,CHO,SG,15.00,2,370,3.5,1.5,0.2,2.1
Jaden Springer,22,2TM,PG,43.00,2,365,4,2.4,0.4,4.1
Robert Williams,27,POR,C,20.00,3,351,8.5,1.3,3.4,3.2
Doug McDermott,33,SAC,SF,42.00,3,342,2,0.4,0.2,3.2
Christian Koloko,24,LAL,C,37.00,0,342,6,0.8,1.7,4.6
Terrence Shannon Jr.,24,MIN,SG,32.00,1,339,3.9,0.7,0.5,2.9
Keion Brooks Jr.,24,NOP,SF,14.00,6,332,5,1.1,1.1,3.3
Tristan Thompson,33,CLE,C,40.00,0,328,11.2,0.2,1.2,4
Maxwell Lewis,22,2TM,SF,28.00,1,327,4.1,1,0.8,3.2
Jevon Carter,29,CHI,PG,36.00,1,321,3.9,1.5,0.3,1.7
Patty Mills,36,2TM,PG,29.00,0,321,2,1.5,0.3,2.7
Tre Mann,23,CHO,PG,13.00,0,319,2.9,0.8,0.5,2.7
Jalen Hood-Schifino,21,2TM,SG,15.00,0,315,2.7,0.6,0.8,2.9
Torrey Craig,34,2TM,SF,26.00,4,314,5.3,0.9,1.4,3.9
Jordan McLaughlin,28,2TM,PG,46.00,0,314,2.8,1.8,0.1,2.1
Matisse Thybulle,27,POR,SG,15.00,5,312,4.4,3.8,1,1.6
Isaac Jones,24,SAC,PF,40.00,0,304,4.1,0.6,1.2,3.6
Tyler Kolek,23,NYK,PG,41.00,0,296,2.3,1.5,0.5,3.2
Mitchell Robinson,26,NYK,C,17.00,3,290,6.1,2,2.2,3.2
Josh Minott,22,MIN,SF,46.00,0,276,4.6,2,1.6,4.4
Kobe Brown,25,LAC,PF,40.00,0,272,6.1,0.9,0.5,3
Dru Smith,27,MIA,SG,14.00,1,268,3.2,2.8,0.8,4
Isaiah Wong,24,CHO,SG,20.00,0,265,2.4,1.5,0,2.9
Marvin Bagley III,25,2TM,PF,31.00,2,265,6.2,1.2,1.1,2.4
Oscar Tshiebwe,25,UTA,C,14.00,1,255,10.7,1.8,0.1,3.4
Drew Timme,24,BRK,PF,9.00,2,254,6.8,0.6,0.1,3
Marcus Bagley,23,PHI,SF,10.00,4,253,6.7,1.3,1.7,2.3
Cam Spencer,24,MEM,SG,25.00,1,252,2.6,1.3,0.1,3.3
Kevin Love,36,MIA,PF,23.00,9,251,10.3,2.2,0.6,3
Pat Spencer,28,GSW,PG,39.00,0,250,4.5,2,0.4,2.9
JT Thor,22,2TM,PF,20.00,0,249,4,1.2,1.3,2.5
Branden Carlson,25,OKC,C,32.00,0,246,5.4,0.7,3.1,3.2
Dariq Whitehead,20,BRK,SF,20.00,0,246,3.7,0.9,0.1,3.2
Johnny Davis,22,WAS,SG,34.00,0,242,4.2,2.2,0.9,2.7
Jaylen Martin,21,2TM,SF,16.00,0,239,5,1.4,0,2.1
Bones Hyland,24,2TM,PG,24.00,0,239,3,2.7,0.6,4.4
Xavier Tillman Sr.,26,BOS,C,33.00,2,231,5.1,1.7,0.8,2.8
Garrett Temple,38,TOR,SG,28.00,0,227,3.2,2.7,0.3,3.6
Jared Rhoden,25,2TM,SG,14.00,2,227,4.4,1.6,0.3,3.2
Luka Garza,26,MIN,C,39.00,0,219,3.8,1,0.5,4.8
Ariel Hukporti,22,NYK,C,25.00,1,217,6.1,0.2,2.5,5.3
Alex Reese,25,2TM,PF,15.00,0,216,6.3,1.7,1.7,3.5
Dario Šarić,30,DEN,C,16.00,4,210,6.2,1.2,0.2,3.3
Adam Flagler,25,OKC,SG,37.00,0,203,3.5,1.4,0.5,2.7
Chuma Okeke,26,2TM,PF,9.00,3,196,4.8,0.9,0.7,0.9
Drew Peterson,25,BOS,PF,25.00,1,186,6,1,0.4,3.5
Markelle Fultz,26,SAC,PG,21.00,0,184,2.7,2,0.4,2.3
Lester Quiñones,24,2TM,SG,13.00,0,183,3,0.6,0.4,3.5
Bronny James,20,LAL,SG,27.00,1,181,2.8,1.8,0.6,2.6
Enrique Freeman,24,IND,PF,22.00,1,181,3.8,0.6,0.6,4.2
Cole Swider,25,2TM,SF,10.00,0,169,4.7,0.9,0.4,2.6
Jaylen Nowell,25,NOP,SG,8.00,0,168,3,0.2,0.9,1.9
Markieff Morris,35,2TM,PF,15.00,2,165,4.4,0.4,0.7,3.5
Killian Hayes,23,BRK,PG,6.00,5,162,2.9,0.9,0.9,2.9
MarJon Beauchamp,24,3TM,SF,35.00,0,156,7.6,0.9,0.2,3.2
Lamar Stevens,27,MEM,PF,17.00,1,155,7.9,1.2,0.7,3.5
Tyson Etienne,25,BRK,PG,7.00,0,151,1.4,0.7,0.2,4.1
Josh Richardson,31,MIA,SG,8.00,0,150,1.4,1.9,0.2,4.1
Jeenathan Williams,25,HOU,SG,20.00,0,147,2,2,1,3.9
Bruno Fernando,26,TOR,C,17.00,2,147,7.3,1,2.2,6.6
Damion Lee,32,PHO,SG,25.00,0,144,4.2,1.5,0,1.5
Oshae Brissett,26,PHI,SF,6.00,2,142,3.8,1,0.8,3.5
Elijah Harkless,24,UTA,SG,10.00,0,138,3.1,2.6,0.3,4.7
Pete Nance,24,2TM,C,13.00,1,138,4.2,0.5,0.5,4.4
Vlatko Čančar,27,DEN,PF,13.00,0,136,6.9,0.8,0.5,2.6
Kylor Kelley,27,2TM,C,11.00,2,126,7.7,0.3,0.9,4.3
Alex Ducas,24,OKC,SG,21.00,0,125,4.9,1.4,0,3.5
Spencer Jones,23,DEN,SF,20.00,0,125,2.6,1.4,1.4,4.9
Kobe Bufkin,21,ATL,SG,10.00,0,124,4.6,0.9,0.6,2.6
Tyler Smith,20,MIL,PF,23.00,0,122,5.6,0.9,1.2,3.2
De'Anthony Melton,26,GSW,SG,6.00,2,121,4.2,2.1,0.6,5.4
Moses Brown,25,2TM,C,13.00,2,119,9.7,1.8,1.2,5.1
TyTy Washington Jr.,23,PHO,PG,16.00,0,118,2.7,0.9,0,1.2
Trey Alexander,21,DEN,SG,24.00,0,117,3.4,0.6,0.3,3.1
Joe Ingles,37,MIN,SF,19.00,1,114,2.8,0.6,0,3.8
Sidy Cissoko,20,2TM,SF,22.00,0,114,4.1,0.6,0.3,3.2
Tony Bradley,27,IND,C,14.00,0,113,7.6,0.6,2.9,3.5
Jaylen Sims,26,CHO,SG,6.00,0,112,1,1,0.3,3.2
Pacome Dadiet,19,NYK,SG,18.00,0,111,4.9,1,0.6,2.3
Patrick Baldwin Jr.,22,2TM,SF,24.00,0,107,6.7,1,0.7,2.4
Chris Livingston,21,MIL,SF,21.00,1,106,8.5,1.7,0,2.7
Jae Crowder,34,SAC,PF,9.00,2,103,4.9,1,0,3.5
Justin Minaya,25,POR,SF,19.00,0,101,1.8,2.1,0.4,4.3
Keshad Johnson,23,MIA,SF,16.00,0,98,8.1,1.8,1.5,4
Yuki Kawamura,23,MEM,PG,22.00,0,93,4.6,0.8,0,3.1
JD Davison,22,BOS,PG,16.00,0,93,4.3,1.9,0.4,0.8
Luke Travers,23,CLE,SG,12.00,0,88,4.9,0.4,0.4,2.5
Stanley Umude,25,MIL,SG,22.00,0,86,5.4,1.3,2.5,3.3
Kevin Knox,25,GSW,SF,14.00,0,84,4.3,0.9,1.7,2.6
Isaiah Jackson,23,IND,C,5.00,1,84,7.3,1.3,3.4,6
Marcus Garrett,26,CHO,SG,4.00,0,79,2.3,1.4,0.9,4.6
Jacob Toppin,24,2TM,SF,17.00,0,76,5.7,0.9,0,1.4
Emoni Bates,21,CLE,SF,10.00,0,75,3.4,0.5,0.5,1.9
Taylor Hendricks,21,UTA,PF,3.00,3,75,4.8,2.4,1.9,3.8
Chris Duarte,27,CHI,SG,17.00,0,74,7.3,0,0,3.4
Daeqwon Plowden,26,ATL,SG,6.00,0,72,3.5,0,0,5
RayJ Dennis,23,IND,PG,11.00,0,70,5.1,3.6,1,3.6
Josh Christopher,23,MIA,SG,14.00,0,69,4.7,2.6,1.6,1
Matt Ryan,27,NYK,SF,19.00,0,68,4.2,1.1,0,0.5
Armel Traoré,22,LAL,SF,9.00,0,67,7,2.1,1.1,3.2
PJ Hall,22,DEN,C,19.00,0,66,8.7,0,2.2,6
Nae'Qwan Tomlin,24,CLE,PF,5.00,1,63,6.9,0,0.6,5.1
Jamaree Bouyea,25,MIL,PG,5.00,1,62,2.3,2.3,1.2,1.2
Cam Christie,19,LAC,SG,13.00,0,59,5.5,3.1,0.6,2.4
P.J. Tucker,39,NYK,SF,3.00,1,58,2.5,0.6,0.6,5
Jazian Gortman,21,DAL,PG,16.00,0,57,2.5,1.3,0.6,5.7
Liam Robbins,25,MIL,C,13.00,0,57,3.2,1.3,1.3,5.7
E.J. Liddell,24,CHI,PF,12.00,0,53,4.1,0.7,0.7,7.5
Jackson Rowe,28,GSW,PF,6.00,0,52,5.5,2.8,0,2.8
N'Faly Dante,23,HOU,C,4.00,0,51,10.6,0.7,3.5,6.4
Isaiah Crawford,23,SAC,SF,15.00,0,46,5.5,0.8,1.6,1.6
Mason Jones,26,SAC,SG,10.00,0,45,5.6,0,0.8,2.4
Phillip Wheeler,22,PHI,PF,5.00,0,44,4.9,0.8,1.6,0.8
Malachi Flynn,26,CHO,PG,4.00,0,44,3.3,2.5,0,3.3
Jack McVeigh,28,HOU,PF,9.00,0,43,2.5,0,1.7,2.5
Bobi Klintman,21,DET,SF,8.00,0,42,5.1,1.7,0.9,6.9
James Johnson,37,IND,PF,12.00,0,37,5.8,0,1.9,4.9
PJ Dozier,28,MIN,SG,9.00,0,35,4.1,1,0,3.1
Harrison Ingram,22,SAS,SF,5.00,0,35,7.2,3.1,0,2.1
Miles Norris,24,BOS,PF,3.00,0,35,7.2,2.1,1,0
David Duke Jr.,25,SAS,SG,6.00,0,34,4.2,1.1,0,1.1
D.J. Carton,24,TOR,SG,4.00,0,33,4.4,2.2,0,1.1
Bryce McGowens,22,POR,SG,13.00,0,32,1.1,1.1,0,3.4
Leonard Miller,21,MIN,SF,13.00,0,32,9,2.3,1.1,2.3
Ulrich Chomche,19,TOR,PF,7.00,0,32,4.5,0,1.1,5.6
Jalen Bridges,23,PHO,SF,8.00,0,30,4.8,0,0,0
Jahmir Young,24,CHI,PG,6.00,0,30,2.4,0,0,2.4
Kevin McCullar Jr.,23,NYK,SF,4.00,0,29,9.9,1.2,1.2,7.4
Trentyn Flowers,19,LAC,SF,6.00,0,27,4,0,0,5.3
Emanuel Miller,24,CHI,PF,6.00,0,25,5.8,1.4,0,4.3
Daniss Jenkins,23,DET,PG,7.00,0,23,3.1,0,0,3.1
Anton Watson,24,NYK,SF,9.00,0,22,3.3,1.6,0,4.9
Tolu Smith,24,DET,PF,1.00,0,22,6.5,0,0,4.9
Malevy Leons,25,OKC,SF,6.00,0,21,3.4,0,0,6.9
Adama Sanogo,22,CHI,C,4.00,0,21,1.7,0,0,1.7
Taze Moore,26,POR,SG,2.00,0,20,7.2,3.6,0,0
Ron Harper Jr.,24,DET,SF,1.00,0,17,6.4,0,0,0
Isaiah Mobley,25,PHI,PF,1.00,0,17,6.4,2.1,2.1,6.4
Yuri Collins,23,GSW,PG,2.00,0,16,2.3,4.5,0,11.3
Tristen Newton,23,2TM,SG,8.00,0,16,4.5,2.3,0,9
Daishen Nix,22,MIN,PG,3.00,0,13,11.1,0,0,2.8
Skal Labissière,28,SAC,PF,4.00,0,12,6,0,0,3
Braxton Key,27,GSW,SF,3.00,0,11,3.3,6.5,0,0
Cui Yongxi,21,BRK,SG,5.00,0,10,7.2,0,0,0
Mac McClung,26,ORL,SG,2.00,0,10,3.6,0,0,7.2
Quincy Olivari,23,LAL,PG,2.00,0,10,0,0,0,0
Terence Davis,27,SAC,SG,1.00,0,8,4.5,0,0,0
Jalen McDaniels,27,WAS,SF,4.00,0,7,0,5.1,0,0
Riley Minix,24,SAS,SF,1.00,0,7,10.3,0,0,0
Isaiah Stevens,24,MIA,PG,3.00,0,6,12,6,0,0
Terry Taylor,25,SAC,PF,3.00,0,6,0,0,0,0
Jesse Edwards,24,MIN,C,2.00,0,5,0,0,0,14.4
James Wiseman,23,IND,C,1.00,0,5,7.2,0,0,0
Alondes Williams,25,DET,SG,1.00,0,4,0,0,0,0
Zyon Pullin,23,MEM,SG,3.00,0,3,0,0,0,0
Jahlil Okafor,29,IND,C,1.00,0,3,12,0,0,0
League Average,,,,,,,,,,