Season,Team,G,MP,FG,FGA,FG%,3P,3PA,3P%,2P,2PA,2P%,FT,FTA,FT%,ORB,DRB,TRB,AST,STL,BLK,TOV,PF,PTS
2014,Los Angeles Clippers,82,19755,"3,208.00",6761,0.474,693,1966,0.352,2515,4795,0.525,1741,2384,0.73,858,2668,3526,2016,703,397,1136,1767,8850
2014,Houston Rockets,82,19830,"3,118.00",6603,0.472,779,2179,0.358,2339,4424,0.529,1814,2549,0.712,920,2797,3717,1755,621,461,1323,1676,8829
2014,Minnesota Timberwolves,82,19855,"3,189.00",7175,0.444,600,1757,0.341,2589,5418,0.478,1790,2301,0.778,1024,2644,3668,1963,718,297,1142,1504,8768
2014,Portland Trail Blazers,82,19855,"3,207.00",7134,0.45,770,2071,0.372,2437,5063,0.481,1569,1926,0.815,1022,2786,3808,1904,454,387,1125,1576,8753
2014,Oklahoma City Thunder,82,19805,"3,194.00",6782,0.471,664,1839,0.361,2530,4943,0.512,1653,2052,0.806,887,2781,3668,1794,678,501,1256,1858,8705
2014,San Antonio Spurs,82,19755,"3,326.00",6844,0.486,698,1757,0.397,2628,5087,0.517,1289,1642,0.785,762,2786,3548,2064,604,420,1180,1495,8639
2014,Phoenix Suns,82,19755,"3,172.00",6845,0.463,765,2055,0.372,2407,4790,0.503,1520,2004,0.758,928,2601,3529,1563,688,374,1258,1798,8629
2014,Dallas Mavericks,82,19830,"3,249.00",6858,0.474,721,1877,0.384,2528,4981,0.508,1378,1733,0.795,840,2514,3354,1935,704,356,1110,1636,8597
2014,Denver Nuggets,82,19755,"3,147.00",7042,0.447,702,1959,0.358,2445,5083,0.481,1563,2154,0.726,1009,2717,3726,1838,615,459,1305,1890,8559
2014,Golden State Warriors,82,19830,"3,236.00",7005,0.462,774,2037,0.38,2462,4968,0.496,1303,1731,0.753,896,2819,3715,1912,642,407,1247,1784,8549
2014,Los Angeles Lakers,82,19705,"3,139.00",6980,0.45,774,2032,0.381,2365,4948,0.478,1390,1835,0.757,745,2620,3365,2006,611,446,1239,1627,8442
2014,Miami Heat,82,19880,"3,142.00",6272,0.501,665,1829,0.364,2477,4443,0.558,1431,1884,0.76,627,2397,3024,1847,732,367,1212,1596,8380
2014,Toronto Raptors,82,19955,"2,992.00",6718,0.445,713,1917,0.372,2279,4801,0.475,1608,2055,0.782,935,2552,3487,1737,577,343,1159,1882,8305
2014,Detroit Pistons,82,19780,"3,182.00",7124,0.447,507,1580,0.321,2675,5544,0.483,1415,2111,0.67,1196,2525,3721,1714,687,395,1193,1666,8286
2014,Atlanta Hawks,82,19830,"3,061.00",6688,0.458,768,2116,0.363,2293,4572,0.502,1392,1782,0.781,713,2565,3278,2041,680,326,1251,1577,8282
2014,Washington Wizards,82,20055,"3,177.00",6920,0.459,647,1704,0.38,2530,5216,0.485,1253,1715,0.731,886,2573,3459,1909,668,377,1204,1675,8254
2014,Sacramento Kings,82,19830,"3,026.00",6766,0.447,491,1475,0.333,2535,5291,0.479,1698,2237,0.759,990,2656,3646,1547,587,318,1249,1849,8241
2014,New Orleans Pelicans,82,19855,"3,101.00",6761,0.459,486,1303,0.373,2615,5458,0.479,1489,1936,0.769,933,2486,3419,1745,647,523,1129,1857,8177
2014,Philadelphia 76ers,82,19855,"3,108.00",7150,0.435,577,1847,0.312,2531,5303,0.477,1362,1918,0.71,949,2556,3505,1791,765,330,1384,1844,8155
2014,New York Knicks,82,19855,"3,027.00",6739,0.449,759,2038,0.372,2268,4701,0.482,1271,1670,0.761,870,2437,3307,1641,631,367,1063,1815,8084
2014,Brooklyn Nets,82,19880,"2,931.00",6391,0.459,709,1922,0.369,2222,4469,0.497,1508,2002,0.753,721,2407,3128,1714,705,311,1191,1777,8079
2014,Cleveland Cavaliers,82,19930,"3,036.00",6955,0.437,584,1640,0.356,2452,5315,0.461,1398,1861,0.751,989,2629,3618,1738,579,304,1163,1640,8054
2014,Charlotte Bobcats,82,19905,"2,976.00",6730,0.442,516,1471,0.351,2460,5259,0.468,1474,2000,0.737,776,2724,3500,1778,499,421,1010,1493,7942
2014,Indiana Pacers,82,19780,"2,949.00",6573,0.449,550,1542,0.357,2399,5031,0.477,1485,1907,0.779,834,2831,3665,1651,550,446,1237,1675,7933
2014,Orlando Magic,82,19955,"3,022.00",6784,0.445,563,1596,0.353,2459,5188,0.474,1307,1714,0.763,794,2654,3448,1726,630,350,1222,1678,7914
2014,Boston Celtics,82,19730,"2,996.00",6883,0.435,575,1729,0.333,2421,5154,0.47,1325,1706,0.777,980,2505,3485,1726,584,343,1261,1743,7892
2014,Memphis Grizzlies,82,19805,"3,122.00",6723,0.464,405,1147,0.353,2717,5576,0.487,1235,1666,0.741,950,2526,3476,1792,631,375,1124,1568,7884
2014,Milwaukee Bucks,82,19880,"2,952.00",6737,0.438,548,1553,0.353,2404,5184,0.464,1377,1843,0.747,971,2399,3370,1760,541,403,1238,1713,7829
2014,Utah Jazz,82,19780,"2,951.00",6652,0.444,543,1577,0.344,2408,5075,0.474,1346,1803,0.747,904,2477,3381,1664,570,366,1200,1699,7791
2014,Chicago Bulls,82,19930,"2,843.00",6577,0.432,508,1459,0.348,2335,5118,0.456,1486,1908,0.779,937,2683,3620,1860,594,424,1223,1565,
2015,Golden State Warriors,82,240.6,41.60,87,0.478,10.8,27,0.398,30.8,60,0.514,16,20.8,0.768,10.4,34.3,44.7,27.4,9.3,6,14.5,19.9,110
2015,Los Angeles Clippers,82,240.6,39.40,83.3,0.473,10.1,26.9,0.376,29.3,56.4,0.519,17.9,25.2,0.71,9.6,33.1,42.6,24.8,7.8,5,12.3,21.3,106.7
2015,Dallas Mavericks,82,242.4,39.70,85.8,0.463,8.9,25.4,0.352,30.8,60.4,0.509,16.9,22.5,0.752,10.5,31.8,42.3,22.5,8.1,4.5,13,20,105.2
2015,Oklahoma City Thunder,82,241.8,38.80,86.8,0.447,7.7,22.7,0.339,31.1,64.1,0.486,18.6,24.6,0.754,12.8,34.7,47.5,20.5,7.3,5.5,14.7,22.3,104
2015,Toronto Raptors,82,242.1,37.90,83.3,0.455,8.9,25.1,0.352,29,58.2,0.499,19.3,24.6,0.787,10.7,30.8,41.5,20.7,7.5,4.4,12.9,20.9,104
2015,Houston Rockets,82,241.5,37.00,83.3,0.444,11.4,32.7,0.348,25.6,50.6,0.506,18.6,26,0.715,11.7,32,43.7,22.2,9.5,5,16.7,22,103.9
2015,San Antonio Spurs,82,243.4,39.10,83.6,0.468,8.3,22.5,0.367,30.9,61.1,0.505,16.7,21.4,0.78,9.8,33.8,43.6,24.4,8,5.4,14,19.1,103.2
2015,Cleveland Cavaliers,82,241.2,37.70,82.2,0.458,10.1,27.5,0.367,27.6,54.7,0.504,17.7,23.6,0.751,11.1,31.9,43,22.1,7.4,4.1,14.3,18.4,103.1
2015,Portland Trail Blazers,82,242.1,38.70,86,0.45,9.8,27.2,0.362,28.9,58.8,0.491,15.5,19.4,0.801,10.7,35.1,45.9,21.9,6.4,4.5,13.6,18.2,102.8
2015,Atlanta Hawks,82,240.6,38.10,81.7,0.466,10,26.2,0.38,28.1,55.5,0.506,16.5,21.2,0.778,8.7,31.8,40.6,25.7,9.1,4.6,14.2,17.8,102.5
2015,Phoenix Suns,82,242.4,38.80,85.8,0.452,8.5,25,0.341,30.2,60.9,0.497,16.4,21.5,0.76,10.9,32.2,43.2,20.2,8.5,4.7,15.1,21.3,102.4
2015,Denver Nuggets,82,242.4,37.80,87.3,0.433,8,24.8,0.325,29.7,62.5,0.476,17.8,24.3,0.734,12.3,32.4,44.7,21.8,7.8,4.5,14.2,23,101.5
2015,Boston Celtics,82,242.4,38.90,87.9,0.443,8,24.6,0.327,30.9,63.3,0.488,15.4,20.5,0.754,11.1,32.7,43.8,24.5,8.2,3.6,13.8,21.2,101.4
2015,Sacramento Kings,82,242.1,36.70,80.7,0.455,5.6,16.5,0.341,31.1,64.2,0.484,22.3,29.3,0.762,10.9,33.3,44.2,20.3,6.7,4,16.3,20.7,101.3
2015,Chicago Bulls,82,242.4,36.60,82.9,0.442,7.9,22.3,0.353,28.7,60.6,0.474,19.7,25.2,0.783,11.7,34,45.7,21.7,6.3,5.8,14,18.2,100.8
2015,New Orleans Pelicans,82,241.2,37.90,82.9,0.457,7.1,19.3,0.37,30.8,63.6,0.484,16.4,21.8,0.751,11.5,32,43.5,22,6.7,6.2,13.3,18.7,99.4
2015,Washington Wizards,82,243.4,38.30,82.8,0.462,6.1,16.8,0.36,32.2,66,0.488,15.9,21.4,0.742,10.5,34.2,44.7,24,7.3,4.6,15,20.8,98.5
2015,Los Angeles Lakers,82,243,37.20,85.6,0.435,6.5,18.9,0.344,30.8,66.8,0.461,17.5,23.6,0.741,11.6,32.3,43.9,20.9,7,4.5,13.2,21.2,98.5
2015,Detroit Pistons,82,241.8,37.10,85.8,0.432,8.6,24.9,0.344,28.5,60.9,0.468,15.8,22.4,0.703,12.8,32.1,44.9,21.6,7.6,4.7,13.4,19,98.5
2015,Memphis Grizzlies,82,242.7,37.80,82.5,0.458,5.2,15.2,0.339,32.6,67.3,0.485,17.6,22.8,0.773,10.4,32.1,42.6,21.7,8.5,4.2,13.3,19.1,98.3
2015,Brooklyn Nets,82,243,37.40,83,0.451,6.6,19.9,0.331,30.8,63.1,0.489,16.6,22.2,0.748,10.3,32,42.4,20.9,7,4.1,13.8,19.3,98
2015,Minnesota Timberwolves,82,241.5,36.40,83.2,0.438,5,14.9,0.332,31.5,68.3,0.461,20,25.7,0.776,11.6,29.3,40.9,21.6,8.1,4,15,19.2,97.8
2015,Milwaukee Bucks,82,243,37.60,82,0.459,6.6,18.3,0.363,31,63.7,0.486,16,21.1,0.757,10.7,31.4,42.1,23.6,9.6,4.9,16.7,22.1,97.8
2015,Indiana Pacers,82,242.1,36.60,83.2,0.439,7.5,21.2,0.352,29.1,62,0.469,16.7,22.2,0.756,10.4,34.4,44.9,21.4,6.2,4.6,14,21.2,97.3
2015,Orlando Magic,82,240.9,37.50,82.8,0.453,6.8,19.5,0.347,30.8,63.3,0.486,13.9,19.1,0.729,10,31.8,41.8,20.6,7.9,3.8,14.9,20.9,95.7
2015,Utah Jazz,82,240.3,35.40,79.2,0.447,7.4,21.7,0.343,27.9,57.5,0.486,17,23.5,0.721,12,31.9,44,19.9,7.6,6,15.3,19.3,95.1
2015,Miami Heat,82,240.6,35.20,77.2,0.456,6.8,20.2,0.335,28.4,57,0.499,17.5,23.7,0.741,9.1,30,39.1,19.8,7.8,4.5,14.8,20,94.7
2015,Charlotte Hornets,82,242.7,35.50,84.5,0.42,6.1,19.1,0.318,29.5,65.4,0.45,17,22.8,0.748,10,34.1,44.1,20.2,6.1,5.5,11.9,18.2,94.2
2015,Philadelphia 76ers,82,241.5,33.70,82.6,0.408,8.4,26.3,0.32,25.3,56.3,0.449,16.1,23.8,0.676,11.9,30.9,42.9,20.5,9.6,5.9,17.7,21.7,92
2015,New York Knicks,82,242.1,35.10,82,0.428,6.8,19.7,0.347,28.3,62.3,0.454,14.8,19.2,0.769,10.6,29.8,40.4,21.3,7,4.7,14.7,21.6,9
2016,Golden State Warriors,82,242.4,42.50,87.3,0.487,13.1,31.6,0.416,29.4,55.7,0.528,16.7,21.8,0.763,10,36.2,46.2,28.9,8.4,6.1,15.2,20.7,114.9
2016,Oklahoma City Thunder,82,241.8,41.10,86.4,0.476,8.3,23.7,0.349,32.9,62.6,0.524,19.7,25.2,0.782,13.1,35.6,48.6,23,7.4,5.9,15.9,20.6,110.2
2016,Sacramento Kings,82,241.5,40.00,86.4,0.464,8,22.4,0.359,32,64,0.5,18.5,25.5,0.725,10.6,33.7,44.2,24.5,8.9,4.5,16.2,20.4,106.6
2016,Houston Rockets,82,241.8,37.70,83.5,0.452,10.7,30.9,0.347,27,52.6,0.514,20.4,29.4,0.694,11.3,31.7,43.1,22.2,10,5.2,15.9,21.8,106.5
2016,Boston Celtics,82,241.2,39.20,89.2,0.439,8.7,26.1,0.335,30.5,63.1,0.483,18.5,23.5,0.788,11.6,33.3,44.9,24.2,9.2,4.2,13.7,21.9,105.7
2016,Portland Trail Blazers,82,241.5,38.60,85.9,0.45,10.5,28.5,0.37,28.1,57.4,0.49,17.4,23,0.754,11.6,33.9,45.5,21.3,6.9,4.6,14.6,21.7,105.1
2016,Los Angeles Clippers,82,241.8,38.30,82.4,0.465,9.7,26.7,0.364,28.6,55.7,0.513,18.2,26.2,0.692,8.8,33.3,42,22.8,8.6,5.6,13,21.3,104.5
2016,Cleveland Cavaliers,82,242.1,38.70,84,0.46,10.7,29.6,0.362,27.9,54.4,0.514,16.3,21.7,0.748,10.6,33.9,44.5,22.7,6.7,3.9,13.6,20.3,104.3
2016,Washington Wizards,82,240.9,39.50,85.8,0.46,8.6,24.2,0.358,30.8,61.6,0.501,16.5,22.5,0.73,9.1,32.8,41.8,24.5,8.6,3.9,14.5,20.8,104.1
2016,San Antonio Spurs,82,240.3,40.10,82.9,0.484,7,18.5,0.375,33.2,64.4,0.515,16.4,20.4,0.803,9.4,34.5,43.9,24.5,8.3,5.9,13.1,17.5,103.5
2016,Charlotte Hornets,82,242.1,37.00,84.4,0.439,10.6,29.4,0.362,26.4,55,0.479,18.7,23.7,0.79,9,35,43.9,21.7,7.3,5.3,12.5,18.1,103.4
2016,Atlanta Hawks,82,241.8,38.60,84.4,0.458,9.9,28.4,0.35,28.7,56.1,0.512,15.6,20,0.783,8.3,33.8,42.1,25.6,9.1,5.9,15,19.1,102.8
2016,Toronto Raptors,82,241.2,36.70,81.3,0.451,8.6,23.4,0.37,28,58,0.483,20.8,26.7,0.777,10.2,33.2,43.4,18.7,7.8,5.5,13.1,19.6,102.7
2016,New Orleans Pelicans,82,241.2,38.50,85.9,0.448,8.6,23.8,0.36,29.9,62.1,0.482,17.3,22.2,0.776,9.5,33.1,42.6,22.2,7.7,4.2,13.4,20.9,102.7
2016,Minnesota Timberwolves,82,242.4,37.70,81.3,0.464,5.5,16.4,0.338,32.2,64.9,0.496,21.4,27,0.792,10,31.5,41.6,23.4,8,4.6,15,20.7,102.4
2016,Dallas Mavericks,82,244,37.40,84.1,0.444,9.8,28.6,0.344,27.5,55.6,0.495,17.7,22.3,0.794,9.2,33.9,43.1,22.1,6.8,3.7,12.8,19.5,102.3
2016,Indiana Pacers,82,242.4,38.30,85.2,0.45,8.1,23,0.351,30.2,62.1,0.486,17.4,22.8,0.764,10.3,33.9,44.2,21.2,9,4.8,14.9,20,102.2
2016,Orlando Magic,82,242.7,39.50,86.8,0.455,7.8,22.2,0.35,31.8,64.7,0.492,15.2,20.1,0.757,10.3,33,43.3,23.6,8.2,5.1,14.1,20.7,102.1
2016,Detroit Pistons,82,242.4,37.90,86.4,0.439,9,26.2,0.345,28.9,60.2,0.48,17.1,25.5,0.668,12.5,33.9,46.3,19.4,7,3.7,13.5,19,102
2016,Denver Nuggets,82,241.8,37.70,85.4,0.442,8,23.7,0.338,29.7,61.7,0.482,18.5,24.1,0.766,11.5,33.1,44.6,22.7,7.4,4.8,14.7,21,101.9
2016,Chicago Bulls,82,242.7,38.60,87.4,0.441,7.9,21.4,0.371,30.7,66.1,0.464,16.5,21,0.787,11.1,35.2,46.3,22.8,6,5.7,13.9,18.8,101.6
2016,Phoenix Suns,82,240.3,37.20,85.6,0.435,9,25.8,0.348,28.2,59.8,0.472,17.5,23.2,0.751,11.5,33.3,44.8,20.7,7.7,3.8,17.2,22.7,100.9
2016,Miami Heat,82,241.8,38.40,81.7,0.47,6.1,18,0.336,32.3,63.6,0.508,17.1,23,0.744,9.8,34.3,44.1,20.8,6.7,6.5,14.1,18.3,100
2016,Memphis Grizzlies,82,241.8,36.80,83.6,0.44,6.1,18.5,0.331,30.7,65.1,0.471,19.3,24.7,0.783,11.2,30.5,41.6,20.7,8.8,4.3,13.3,21.7,99.1
2016,Milwaukee Bucks,82,241.8,38.40,82.2,0.467,5.4,15.6,0.345,33,66.6,0.495,17,22.7,0.747,10.5,31.2,41.7,23.1,8.2,5.8,15.2,20.7,99
2016,Brooklyn Nets,82,240.9,38.20,84.4,0.453,6.5,18.4,0.352,31.8,66,0.481,15.7,20.7,0.757,10.5,31.9,42.4,22.3,7.6,4,14.8,18,98.6
2016,New York Knicks,82,241.5,36.90,84,0.439,7.4,21.5,0.346,29.4,62.5,0.471,17.2,21.4,0.805,10.4,34,44.4,20.5,5.7,5.7,13.4,19.7,98.4
2016,Utah Jazz,82,243.4,36.10,80.4,0.449,8.5,23.9,0.355,27.6,56.5,0.488,17.1,23,0.744,10.7,32.5,43.2,19,7.7,5.2,14.9,20.2,97.7
2016,Philadelphia 76ers,82,241.5,36.20,84,0.431,9.3,27.5,0.339,26.9,56.5,0.476,15.7,22.6,0.694,9.5,31.8,41.2,21.5,8.3,6,16.4,21.7,97.4
2016,Los Angeles Lakers,82,240.6,35.10,84.8,0.414,7.8,24.6,0.317,27.3,60.2,0.454,19.3,24.7,0.781,10.7,32.3,43,18,7.2,4.1,13.7,20.3,97
2017,Golden State Warriors,82,241.2,43.10,87.1,0.495,12,31.2,0.383,31.1,55.8,0.557,17.8,22.6,0.788,9.4,35,44.4,30.4,9.6,6.8,14.8,19.3,115.9
2017,Houston Rockets,82,241.2,40.30,87.2,0.462,14.4,40.3,0.357,25.9,46.9,0.552,20.3,26.5,0.766,10.9,33.5,44.4,25.2,8.2,4.3,15.1,19.9,115.3
2017,Denver Nuggets,82,240.9,41.20,87.7,0.469,10.6,28.8,0.368,30.6,58.9,0.519,18.7,24.2,0.774,11.8,34.6,46.4,25.3,6.9,3.9,15,19.1,111.7
2017,Cleveland Cavaliers,82,242.4,39.90,84.9,0.47,13,33.9,0.384,26.9,51,0.528,17.5,23.3,0.748,9.3,34.4,43.7,22.7,6.6,4,13.7,18.1,110.3
2017,Washington Wizards,82,242.1,41.30,87,0.475,9.2,24.8,0.372,32.1,62.3,0.515,17.3,22.1,0.784,10.3,32.6,42.9,23.9,8.5,4.1,14.2,21.3,109.2
2017,Los Angeles Clippers,82,240.9,39.50,83.2,0.475,10.3,27.4,0.375,29.3,55.8,0.525,19.3,26,0.745,9,34,43,22.5,7.5,4.2,13,19.8,108.7
2017,Boston Celtics,82,240.9,38.60,85.1,0.454,12,33.4,0.359,26.6,51.7,0.515,18.7,23.2,0.807,9.1,32.9,42,25.2,7.5,4.1,13.3,20.6,108
2017,Portland Trail Blazers,82,243,39.50,86.1,0.459,10.4,27.7,0.375,29.2,58.4,0.499,18.5,23.7,0.78,10.1,33.5,43.7,21.1,7,5,13.7,21.2,107.9
2017,Phoenix Suns,82,241.8,39.90,88.5,0.45,7.5,22.6,0.332,32.4,65.9,0.491,20.4,26.3,0.776,11.9,33.1,45,19.6,8.2,4.9,15.4,24.8,107.7
2017,Toronto Raptors,82,241.2,39.20,84.4,0.464,8.8,24.3,0.363,30.3,60,0.505,19.7,24.7,0.796,10.6,32.6,43.3,18.5,8.3,4.9,12.7,20.8,106.9
2017,Oklahoma City Thunder,82,241.5,39.50,87.4,0.452,8.4,25.8,0.327,31,61.6,0.504,19.2,25.8,0.745,12.2,34.4,46.6,21,7.9,5,15,20.9,106.6
2017,Brooklyn Nets,82,240.9,37.80,85.2,0.444,10.7,31.6,0.338,27.1,53.6,0.506,19.4,24.6,0.788,8.8,35.1,43.9,21.4,7.2,4.7,16.5,21,105.8
2017,Minnesota Timberwolves,82,241.5,39.50,84.4,0.467,7.3,21,0.349,32.1,63.4,0.507,19.3,24.2,0.799,11.4,31,42.4,23.7,8,4.5,14,20.1,105.6
2017,San Antonio Spurs,82,241.5,39.30,83.7,0.469,9.2,23.5,0.391,30.1,60.2,0.5,17.6,22,0.797,10,33.9,43.9,23.8,8,5.9,13.4,18.3,105.3
2017,Indiana Pacers,82,242.1,39.30,84.5,0.465,8.6,23,0.376,30.6,61.5,0.498,17.9,22.1,0.81,9,33,42,22.5,8.2,5,13.8,19.5,105.1
2017,Charlotte Hornets,82,241.8,37.70,85.4,0.442,10,28.6,0.351,27.7,56.7,0.488,19.4,23.8,0.815,8.8,34.8,43.6,23.1,7,4.8,11.5,16.6,104.9
2017,Los Angeles Lakers,82,240.3,39.30,87.4,0.45,8.9,25.7,0.346,30.4,61.6,0.493,17,22.6,0.754,11.4,32.1,43.5,20.9,8.2,3.9,15.2,20.7,104.6
2017,New Orleans Pelicans,82,242.7,39.10,87,0.45,9.4,26.8,0.35,29.8,60.2,0.495,16.7,22.3,0.75,8.6,35.1,43.7,22.8,7.8,5.5,12.9,18.2,104.3
2017,New York Knicks,82,242.1,39.60,88.5,0.447,8.6,24.7,0.348,31,63.8,0.485,16.6,21.1,0.788,12,33.2,45.2,21.8,7.1,5.5,13.9,20.3,104.3
2017,Milwaukee Bucks,82,241.2,38.80,81.9,0.474,8.8,23.7,0.37,30,58.2,0.516,17.2,22.4,0.768,8.8,31.6,40.4,24.2,8.1,5.3,14,20.2,103.6
2017,Atlanta Hawks,82,242.4,38.10,84.4,0.451,8.9,26.1,0.341,29.2,58.3,0.501,18.1,24.9,0.728,10.3,34.1,44.3,23.6,8.2,4.8,15.8,18.2,103.2
2017,Miami Heat,82,241.2,39.00,85.8,0.455,9.9,27,0.365,29.2,58.8,0.496,15.2,21.6,0.706,10.6,33,43.6,21.2,7.2,5.7,13.4,20.5,103.2
2017,Chicago Bulls,82,241.2,38.60,87.1,0.444,7.6,22.3,0.34,31,64.8,0.479,18,22.5,0.798,12.2,34.1,46.3,22.6,7.8,4.8,13.6,17.7,102.9
2017,Sacramento Kings,82,242.4,37.90,82.1,0.461,9,23.9,0.376,28.9,58.2,0.496,18.1,23.3,0.775,8.7,32.3,41.1,22.5,7.6,4,14.6,20.3,102.8
2017,Philadelphia 76ers,82,241.8,37.70,85.3,0.442,10.1,29.8,0.34,27.5,55.5,0.496,17,22,0.771,9.8,33,42.8,23.8,8.4,5.1,16.7,21.9,102.4
2017,Detroit Pistons,82,241.5,39.90,88.8,0.449,7.7,23.4,0.33,32.2,65.5,0.492,13.9,19.3,0.719,11.1,34.6,45.7,21.1,7,3.8,11.9,17.9,101.3
2017,Orlando Magic,82,241.5,38.30,87,0.44,8.5,26.1,0.328,29.7,60.9,0.488,16,21.4,0.747,9.8,33.3,43.2,22.2,7.1,4.8,13.3,19.3,101.1
2017,Utah Jazz,82,240.9,37.00,79.5,0.466,9.6,26,0.372,27.3,53.5,0.511,17.1,22.9,0.747,9.4,33.8,43.2,20.1,6.7,5,13.6,18.8,100.7
2017,Memphis Grizzlies,82,242.7,36.40,83.6,0.435,9.4,26.5,0.354,27,57.1,0.473,18.3,23.4,0.784,10.8,32,42.8,21.3,8,4.2,12.9,22.4,100.5
2017,Dallas Mavericks,82,241.2,36.20,82.3,0.44,10.7,30.2,0.355,25.5,52.2,0.489,14.8,18.5,0.801,7.9,30.7,38.6,20.8,7.5,3.7,11.9,19.1,97
2018,Golden State Warriors,82,240.6,42.80,85.1,0.503,11.3,28.9,0.391,31.5,56.2,0.56,16.6,20.3,0.815,8.4,35.1,43.5,29.3,8,7.5,15.4,19.6,113.5
2018,Houston Rockets,82,240.9,38.70,84.2,0.46,15.3,42.3,0.362,23.4,41.9,0.558,19.6,25.1,0.781,9,34.5,43.5,21.5,8.5,4.8,13.8,19.5,112.4
2018,New Orleans Pelicans,82,243.4,42.70,88.3,0.483,10.2,28.2,0.362,32.5,60.1,0.54,16.1,20.9,0.772,8.7,35.7,44.3,26.8,8,5.9,14.9,19.1,111.7
2018,Toronto Raptors,82,241.8,41.30,87.4,0.472,11.8,33,0.358,29.5,54.4,0.541,17.3,21.8,0.794,9.8,34.2,44,24.3,7.6,6.1,13.4,21.7,111.7
2018,Cleveland Cavaliers,82,240.6,40.40,84.8,0.476,12,32.1,0.372,28.4,52.6,0.54,18.1,23.3,0.779,8.5,33.7,42.1,23.4,7.1,3.8,13.7,18.6,110.9
2018,Denver Nuggets,82,242.4,40.70,86.6,0.47,11.5,30.9,0.371,29.2,55.7,0.525,17.1,22.3,0.767,11,33.5,44.5,25.1,7.6,4.9,15,18.7,110
2018,Philadelphia 76ers,82,241.2,40.80,86.6,0.472,11,29.8,0.369,29.9,56.7,0.526,17.1,22.8,0.752,10.9,36.5,47.4,27.1,8.3,5.1,16.5,22.1,109.8
2018,Minnesota Timberwolves,82,241.5,41.00,86.1,0.476,8,22.5,0.357,33,63.6,0.519,19.4,24.1,0.804,10.3,31.6,42,22.7,8.4,4.2,12.5,18.2,109.5
2018,Los Angeles Clippers,82,240.3,40.30,85.4,0.471,9.5,26.8,0.354,30.8,58.6,0.525,19,25.5,0.743,10.1,33.7,43.9,22.3,7.7,4.5,14.7,20,109
2018,Charlotte Hornets,82,241.2,39.00,86.7,0.45,10,27.2,0.369,28.9,59.4,0.487,20.2,27,0.747,10.1,35.4,45.5,21.6,6.8,4.5,12.7,17.2,108.2
2018,Los Angeles Lakers,82,242.7,40.70,88.4,0.461,10,29.1,0.345,30.7,59.3,0.517,16.6,23.3,0.714,10.7,35.7,46.4,23.8,7.7,4.7,15.8,21.2,108.1
2018,Oklahoma City Thunder,82,241.8,39.90,88.1,0.453,10.7,30.4,0.354,29.1,57.7,0.505,17.3,24.2,0.716,12.5,32.6,45.1,21.3,9.1,5,14,20.2,107.9
2018,Washington Wizards,82,242.1,39.90,85.6,0.467,9.9,26.5,0.375,30,59.1,0.508,16.8,21.8,0.772,10,33.1,43.1,25.2,7.9,4.3,14.6,21.3,106.6
2018,Brooklyn Nets,82,242.1,38.20,86.8,0.441,12.7,35.7,0.356,25.5,51.1,0.5,17.4,22.6,0.772,9.7,34.8,44.4,23.7,6.2,4.8,15.2,20.6,106.6
2018,Milwaukee Bucks,82,241.8,39.70,83,0.478,8.8,24.7,0.355,31,58.3,0.531,18.3,23.4,0.783,8.4,31.5,39.8,23.2,8.8,5.4,13.8,21.4,106.5
2018,Indiana Pacers,82,240.9,40.80,86.4,0.472,9,24.5,0.369,31.8,61.9,0.513,14.9,19.2,0.779,9.6,32.7,42.3,22.2,8.8,4.1,13.3,18.8,105.6
2018,Portland Trail Blazers,82,240.9,39.30,87,0.452,10.3,28.1,0.366,29,58.8,0.493,16.7,20.9,0.8,10.2,35.3,45.5,19.5,7,5.2,13.5,19.5,105.6
2018,New York Knicks,82,241.8,40.70,87.7,0.464,8.2,23.3,0.352,32.5,64.4,0.504,14.9,19,0.787,10.5,33.6,44,23.3,6.7,5.1,14.7,20.5,104.5
2018,Utah Jazz,82,240.9,38.30,82.9,0.462,10.8,29.6,0.366,27.5,53.3,0.515,16.8,21.5,0.779,9,34.2,43.3,22.4,8.6,5.1,14.7,19.6,104.1
2018,Boston Celtics,82,241.5,38.30,85.1,0.45,11.5,30.4,0.377,26.9,54.7,0.491,16,20.7,0.771,9.4,35.1,44.5,22.5,7.4,4.5,14,19.7,104
2018,Phoenix Suns,82,240.3,38.50,87.1,0.442,9.3,27.9,0.334,29.1,59.2,0.492,17.7,23.9,0.741,10.3,33.9,44.1,21.3,6.9,4.5,15.7,22,103.9
2018,Detroit Pistons,82,241.5,39.10,86.9,0.45,10.8,28.9,0.373,28.3,58,0.488,14.7,19.8,0.745,10.1,33.6,43.7,22.8,7.7,3.9,13.4,18.4,103.8
2018,Miami Heat,82,243,38.80,85.3,0.455,11,30.6,0.36,27.8,54.8,0.508,14.7,19.5,0.755,9.3,34.2,43.5,22.7,7.6,5.3,14.4,20.1,103.4
2018,Orlando Magic,82,240.6,38.80,85.9,0.452,10.3,29.3,0.351,28.5,56.5,0.504,15.5,20.5,0.757,8.8,32.8,41.6,23.4,7.6,4.9,14.5,19.3,103.4
2018,Atlanta Hawks,82,240.3,38.20,85.5,0.446,11.2,31,0.36,27,54.5,0.495,15.8,20.2,0.785,9.1,32.8,41.9,23.7,7.8,4.2,15.5,19.6,103.4
2018,Chicago Bulls,82,242.1,38.70,88.8,0.435,11,31.1,0.355,27.6,57.8,0.478,14.6,19.2,0.759,9.6,35,44.7,23.5,7.6,3.5,14,19.2,102.9
2018,San Antonio Spurs,82,240.6,39.00,85.4,0.457,8.5,24.1,0.352,30.6,61.2,0.499,16.1,20.9,0.772,10.4,33.9,44.2,22.8,7.7,5.6,13.1,17.2,102.7
2018,Dallas Mavericks,82,241.5,38.10,85.9,0.444,11.8,32.8,0.36,26.4,53.1,0.496,14.2,18.7,0.763,8.1,33.1,41.3,22.7,7,3.8,12.3,19.2,102.3
2018,Memphis Grizzlies,82,240.3,36.70,82.8,0.444,9.2,26.2,0.352,27.5,56.5,0.486,16.6,21.1,0.786,9.5,31,40.5,21.5,7.5,4.8,15,23.2,99.3
2018,Sacramento Kings,82,240.9,38.80,86.1,0.45,9,24,0.375,29.8,62.1,0.479,12.3,16.7,0.735,9.5,31.4,40.9,21.6,7.8,4.1,13.7,20,98.8
2019,Milwaukee Bucks,82,241.2,43.40,91.1,0.476,13.5,38.2,0.353,29.9,52.9,0.565,17.9,23.2,0.773,9.3,40.4,49.7,26,7.5,5.9,13.9,19.6,118.1
2019,Golden State Warriors,82,241.5,44.00,89.8,0.491,13.3,34.4,0.385,30.8,55.3,0.557,16.3,20.4,0.801,9.7,36.5,46.2,29.4,7.6,6.4,14.3,21.4,117.7
2019,New Orleans Pelicans,82,240.9,43.70,92.2,0.473,10.3,29.9,0.344,33.4,62.4,0.536,17.8,23.4,0.761,11.1,36.2,47.3,27,7.4,5.4,14.8,21.1,115.4
2019,Philadelphia 76ers,82,241.5,41.50,88.2,0.471,10.8,30.2,0.359,30.7,58,0.529,21.2,27.5,0.771,10.9,36.9,47.8,26.9,7.4,5.3,14.9,21.3,115.2
2019,Los Angeles Clippers,82,241.8,41.30,87.5,0.471,10,25.8,0.388,31.3,61.7,0.507,22.6,28.5,0.792,9.7,35.8,45.5,24,6.8,4.7,14.5,23.3,115.1
2019,Portland Trail Blazers,82,242.1,42.30,90.6,0.467,11,30.7,0.359,31.3,59.8,0.523,19,23.3,0.814,11.8,36.2,48,23,6.7,5,13.8,20.4,114.7
2019,Oklahoma City Thunder,82,242.1,42.60,94,0.454,11.4,32.6,0.348,31.3,61.3,0.51,17.8,25,0.713,12.6,35.5,48.1,23.4,9.3,5.2,14,22.4,114.5
2019,Toronto Raptors,82,242.4,42.20,89.1,0.474,12.4,33.8,0.366,29.8,55.3,0.539,17.7,22,0.804,9.6,35.6,45.2,25.4,8.3,5.3,14,21,114.4
2019,Sacramento Kings,82,240.6,43.20,93.1,0.464,11.3,29.9,0.378,31.9,63.2,0.504,16.5,22.7,0.726,11,34.4,45.4,25.4,8.3,4.4,13.4,21.4,114.2
2019,Washington Wizards,82,243,42.10,90.1,0.468,11.3,33.3,0.341,30.8,56.8,0.543,18.4,23.9,0.768,9.7,32.7,42.4,26.3,8.3,4.6,14.1,20.7,114
2019,Houston Rockets,82,241.8,39.20,87.4,0.449,16.1,45.4,0.356,23.1,42,0.551,19.3,24.4,0.791,10.2,31.9,42.1,21.2,8.5,4.9,13.3,22,113.9
2019,Atlanta Hawks,82,242.1,41.40,91.8,0.451,13,37,0.352,28.4,54.8,0.518,17.6,23.4,0.752,11.6,34.5,46.1,25.8,8.2,5.1,17,23.6,113.3
2019,Minnesota Timberwolves,82,241.8,41.60,91.3,0.456,10.1,28.7,0.351,31.5,62.5,0.504,19.1,24.3,0.787,11.3,33.5,44.8,24.6,8.3,5,13.1,20.3,112.5
2019,Boston Celtics,82,241.2,42.10,90.5,0.465,12.6,34.5,0.365,29.5,56,0.527,15.6,19.5,0.802,9.8,34.7,44.5,26.3,8.6,5.3,12.8,20.4,112.4
2019,Brooklyn Nets,82,243.7,40.30,89.7,0.449,12.8,36.2,0.353,27.5,53.6,0.513,19,25.5,0.745,11,35.6,46.6,23.8,6.6,4.1,15.1,21.5,112.2
2019,Los Angeles Lakers,82,241.2,42.60,90.5,0.47,10.3,31,0.333,32.2,59.6,0.541,16.3,23.3,0.699,10.2,36.4,46.6,25.6,7.5,5.4,15.7,20.7,111.8
2019,San Antonio Spurs,82,241.5,42.30,88.4,0.478,9.9,25.3,0.392,32.4,63.1,0.513,17.2,21,0.819,9.2,35.5,44.7,24.5,6.1,4.7,12.1,18.1,111.7
2019,Utah Jazz,82,240.9,40.40,86.4,0.468,12.1,34,0.356,28.3,52.4,0.541,18.8,25.5,0.736,10,36.4,46.4,26,8.1,5.9,15.1,21.1,111.7
2019,Denver Nuggets,82,240.6,41.90,90,0.466,11,31.4,0.351,30.9,58.7,0.527,15.8,20.9,0.755,11.9,34.5,46.4,27.4,7.7,4.4,13.4,20,110.7
2019,Charlotte Hornets,82,241.8,40.20,89.8,0.448,11.9,33.9,0.351,28.3,55.8,0.507,18.4,23.1,0.797,9.9,33.9,43.8,23.2,7.2,4.9,12.2,18.9,110.7
2019,Dallas Mavericks,82,241.2,38.80,86.9,0.447,12.5,36.6,0.34,26.3,50.2,0.524,18.8,25.3,0.742,10.1,35.2,45.3,23.4,6.5,4.3,14.2,20.1,108.9
2019,Indiana Pacers,82,240.3,41.30,87,0.475,9.5,25.4,0.374,31.8,61.6,0.517,15.8,21.1,0.752,9.3,33.7,43,26,8.7,4.9,13.7,19.4,108
2019,Phoenix Suns,82,242.4,40.10,87.4,0.459,9.6,29.3,0.329,30.5,58.1,0.525,17.6,22.7,0.779,9.1,31.3,40.4,23.9,9,5.1,15.6,23.6,107.5
2019,Orlando Magic,82,241.2,40.40,89.1,0.454,11.4,32.1,0.356,29,57,0.509,15,19.2,0.782,10,35.4,45.4,25.5,6.6,5.4,13.2,18.6,107.3
2019,Detroit Pistons,82,242.1,38.80,88.3,0.44,12.1,34.8,0.348,26.7,53.5,0.5,17.3,23.1,0.747,11.4,33.6,45,22.5,6.9,4,13.8,22.1,107
2019,Miami Heat,82,240.6,39.60,88,0.45,11.3,32.4,0.349,28.3,55.6,0.509,15.1,21.7,0.695,11.2,35.1,46.3,24.3,7.6,5.5,14.7,20.9,105.7
2019,Chicago Bulls,82,242.7,39.80,87.9,0.453,9.1,25.9,0.351,30.7,62,0.496,16.2,20.7,0.783,8.8,34.1,42.9,21.9,7.4,4.3,14.1,20.3,104.9
2019,New York Knicks,82,241.2,38.20,88.3,0.433,10,29.5,0.34,28.2,58.8,0.479,18.1,23.9,0.759,10.5,34.3,44.7,20.1,6.8,5.1,14,20.9,104.6
2019,Cleveland Cavaliers,82,240.9,38.90,87.6,0.444,10.3,29.1,0.355,28.6,58.5,0.488,16.4,20.7,0.792,10.7,31.9,42.7,20.7,6.5,2.4,13.5,20,104.5
2019,Memphis Grizzlies,82,242.4,38.00,84.4,0.45,9.9,28.9,0.342,28.1,55.6,0.505,17.7,23,0.772,8.8,33,41.8,23.9,8.3,5.5,14,22,103.5
2020,Milwaukee Bucks,73,241,43.30,90.9,0.476,13.8,38.9,0.355,29.5,52,0.567,18.3,24.7,0.742,9.5,42.2,51.7,25.9,7.2,5.9,15.1,19.6,118.7
2020,Houston Rockets,72,241.4,40.80,90.4,0.451,15.6,45.3,0.345,25.1,45.2,0.557,20.6,26.1,0.791,9.8,34.5,44.3,21.6,8.7,5.2,14.7,21.8,117.8
2020,Dallas Mavericks,75,242.3,41.70,90.3,0.461,15.1,41.3,0.367,26.5,49,0.541,18.6,23.8,0.779,10.5,36.4,46.9,24.7,6.1,4.8,12.7,19.5,117
2020,Los Angeles Clippers,72,241.4,41.60,89.2,0.466,12.4,33.5,0.371,29.1,55.8,0.522,20.8,26.3,0.791,10.7,37,47.7,23.7,7.1,4.7,14.6,22.1,116.3
2020,New Orleans Pelicans,72,242.1,42.60,91.6,0.465,13.6,36.9,0.37,28.9,54.8,0.528,17.1,23.4,0.729,11.1,35.4,46.5,26.8,7.5,5,16.4,21.2,115.8
2020,Portland Trail Blazers,74,241,42.20,91.2,0.463,12.9,34.1,0.377,29.3,57.1,0.514,17.7,22.1,0.804,10.2,35.1,45.3,20.6,6.3,6.1,12.8,21.7,115
2020,Washington Wizards,72,241,41.50,90.9,0.457,12,32.6,0.368,29.5,58.3,0.506,19.4,24.6,0.788,10.2,31.9,42,25,8,4.3,14.2,22.7,114.4
2020,San Antonio Spurs,71,242.5,42.20,89.4,0.472,10.7,28.5,0.376,31.5,61,0.516,19,23.4,0.81,9,35.6,44.6,24.7,7.3,5.5,12.6,19.4,114.1
2020,Boston Celtics,72,242.1,41.30,89.6,0.461,12.6,34.5,0.364,28.7,55,0.522,18.6,23.2,0.801,10.7,35.4,46.1,23,8.3,5.6,13.8,21.6,113.7
2020,Phoenix Suns,73,241,41.20,88.1,0.468,11.4,31.8,0.358,29.8,56.3,0.529,19.9,23.8,0.834,9.8,33.8,43.5,27.2,7.7,4,14.8,22,113.6
2020,Los Angeles Lakers,71,240.7,42.30,88.3,0.48,11,31.6,0.349,31.3,56.7,0.552,17.7,24.3,0.729,10.7,35.1,45.7,25.4,8.6,6.6,15.2,20.7,113.4
2020,Minnesota Timberwolves,64,243.1,40.40,91.6,0.441,13.3,39.7,0.336,27.1,52,0.521,19.1,25.4,0.753,10.5,34.3,44.8,23.8,8.7,5.7,15.3,21.4,113.3
2020,Toronto Raptors,72,241.4,40.20,87.9,0.458,13.8,37,0.374,26.4,50.9,0.519,18.5,23.2,0.796,9.5,35.9,45.4,25.2,8.8,5,14.8,21.7,112.8
2020,Memphis Grizzlies,73,240.7,42.50,90.9,0.468,10.9,31.5,0.347,31.6,59.4,0.532,16.6,21.8,0.763,10.3,36.2,46.5,26.9,7.9,5.5,15.2,21.2,112.6
2020,Miami Heat,73,243.1,39.50,84.4,0.468,13.4,35.4,0.379,26,49,0.532,19.7,25.2,0.783,8.5,35.9,44.4,25.9,7.5,4.5,14.9,20.6,112
2020,Atlanta Hawks,67,243,40.60,90.6,0.449,12,36.1,0.333,28.6,54.5,0.525,18.5,23.4,0.79,9.9,33.4,43.3,24,7.8,5.1,16.2,23.1,111.8
2020,Brooklyn Nets,72,242.8,40.40,90.3,0.448,13.1,38.1,0.343,27.3,52.1,0.524,17.9,24.1,0.745,10.6,37.3,47.9,24.5,6.4,4.5,15.3,21,111.8
2020,Denver Nuggets,73,243.1,42.00,88.9,0.473,11,30.6,0.359,31.1,58.3,0.533,16.2,20.9,0.777,10.8,33.4,44.1,26.7,8,4.6,13.8,20.3,111.3
2020,Utah Jazz,72,241,40.10,85.1,0.471,13.4,35.2,0.38,26.7,49.9,0.535,17.8,22.8,0.779,9.1,35.8,44.9,22.4,6.1,4.1,15.1,20.4,111.3
2020,Philadelphia 76ers,73,241,41.10,87.9,0.468,11.6,31.6,0.368,29.5,56.3,0.524,16.9,22.4,0.755,10.5,35,45.4,25.8,8,5.3,14.2,20.9,110.7
2020,Oklahoma City Thunder,72,242.1,40.00,85.5,0.468,10.7,30.2,0.355,29.3,55.3,0.529,19.8,24.8,0.796,8.2,34.7,42.9,21.7,7.6,4.9,13.7,19.3,110.4
2020,Sacramento Kings,72,242.4,40.90,88.4,0.462,12.7,34.9,0.364,28.2,53.5,0.527,15.7,20.3,0.77,9.7,32.9,42.6,23.8,7.7,4.1,14.5,22.2,110.1
2020,Indiana Pacers,73,241.4,42.10,88.5,0.476,10.2,28,0.363,31.9,60.4,0.529,15,19.1,0.787,8.7,34.1,42.8,25.9,7.4,5.2,13.2,19.8,109.4
2020,Orlando Magic,73,240.7,39.30,88.6,0.444,11.1,32.2,0.343,28.3,56.4,0.502,17.6,22.7,0.774,10.3,34.2,44.5,23.9,8.2,5.4,12.8,18.3,107.3
2020,Detroit Pistons,66,241.9,39.30,85.7,0.459,12,32.7,0.367,27.3,53,0.515,16.6,22.4,0.743,9.8,32,41.7,24.1,7.4,4.5,15.3,19.7,107.2
2020,Cleveland Cavaliers,65,241.9,40.30,87.9,0.458,11.2,31.8,0.351,29.1,56.1,0.519,15.1,19.9,0.758,10.8,33.4,44.2,23.1,6.9,3.2,16.5,18.3,106.9
2020,Chicago Bulls,65,241.2,39.60,88.6,0.447,12.2,35.1,0.348,27.4,53.5,0.511,15.5,20.5,0.755,10.5,31.4,41.9,23.2,10,4.1,15.5,21.8,106.8
2020,Golden State Warriors,65,241.9,38.60,88.2,0.438,10.4,31.3,0.334,28.2,56.9,0.495,18.7,23.2,0.803,10,32.9,42.8,25.6,8.2,4.6,14.9,20.1,106.3
2020,New York Knicks,66,241.9,40.00,89.3,0.447,9.6,28.4,0.337,30.4,61,0.499,16.3,23.5,0.694,12,34.5,46.5,22.1,7.6,4.7,14.3,22.2,105.8
2020,Charlotte Hornets,65,242.3,37.30,85.9,0.434,12.1,34.3,0.352,25.2,51.6,0.489,16.2,21.6,0.748,11,31.8,42.8,23.8,6.6,4.1,14.6,18.8,
2021,Milwaukee Bucks,72,240.7,44.70,91.8,0.487,14.4,37.1,0.389,30.3,54.7,0.554,16.2,21.4,0.76,10.3,37.8,48.1,25.5,8.1,4.6,13.8,17.3,120.1
2021,Brooklyn Nets,72,241.7,43.10,87.3,0.494,14.2,36.1,0.392,29,51.2,0.565,18.1,22.5,0.804,8.9,35.5,44.4,26.8,6.7,5.3,13.5,19,118.6
2021,Washington Wizards,72,241.7,43.20,90.9,0.475,10.2,29,0.351,33,61.9,0.533,20.1,26.2,0.769,9.7,35.5,45.2,25.5,7.3,4.1,14.4,21.6,116.6
2021,Utah Jazz,72,241,41.30,88.1,0.468,16.7,43,0.389,24.5,45.1,0.544,17.2,21.5,0.799,10.6,37.6,48.3,23.7,6.6,5.2,14.2,18.5,116.4
2021,Portland Trail Blazers,72,240.3,41.30,91.1,0.453,15.7,40.8,0.385,25.6,50.3,0.509,17.8,21.6,0.823,10.6,33.9,44.5,21.3,6.9,5,11.1,18.9,116.1
2021,Phoenix Suns,72,242.8,43.30,88.3,0.49,13.1,34.6,0.378,30.3,53.7,0.563,15.6,18.7,0.834,8.8,34.2,42.9,26.9,7.2,4.3,12.5,19.1,115.3
2021,Indiana Pacers,72,242.4,43.30,91.2,0.474,12.3,34,0.364,30.9,57.3,0.54,16.4,20.7,0.792,9,33.7,42.7,27.4,8.5,6.4,13.5,20.2,115.3
2021,Denver Nuggets,72,242.8,43.30,89.2,0.485,12.9,34.2,0.377,30.4,55,0.552,15.7,19.5,0.803,10.5,33.9,44.4,26.8,8.1,4.5,13.5,19.1,115.1
2021,New Orleans Pelicans,72,242.1,42.50,89.1,0.477,10.6,30.4,0.348,31.9,58.6,0.544,19,26.1,0.729,11.7,35.7,47.4,26,7.6,4.4,14.6,18,114.6
2021,Los Angeles Clippers,72,240,41.80,86.7,0.482,14.3,34.7,0.411,27.5,52,0.529,16.2,19.3,0.839,9.4,34.7,44.2,24.4,7.1,4.1,13.2,19.2,114
2021,Atlanta Hawks,72,241.7,40.80,87.2,0.468,12.4,33.4,0.373,28.4,53.9,0.526,19.7,24.2,0.812,10.6,35.1,45.6,24.1,7,4.8,13.2,19.3,113.7
2021,Sacramento Kings,72,240.3,42.60,88.6,0.481,12.1,33.3,0.364,30.5,55.3,0.551,16.4,22,0.745,9.4,32,41.4,25.5,7.5,5,13.4,19.4,113.7
2021,Golden State Warriors,72,240.3,41.30,88.2,0.468,14.6,38.7,0.376,26.7,49.4,0.541,16.6,21.1,0.785,8,35.1,43,27.7,8.2,4.8,15,21.2,113.7
2021,Philadelphia 76ers,72,242.1,41.40,86.9,0.476,11.3,30.1,0.374,30.1,56.8,0.531,19.6,25.5,0.767,10,35,45.1,23.7,9.1,6.2,14.4,20.2,113.6
2021,Memphis Grizzlies,72,241.7,42.80,91.8,0.467,11.2,31.4,0.356,31.7,60.4,0.525,16.4,21.3,0.771,11.2,35.3,46.5,26.9,9.1,5.1,13.3,18.7,113.3
2021,Boston Celtics,72,241.4,41.50,88.9,0.466,13.6,36.4,0.374,27.9,52.5,0.53,16.1,20.8,0.775,10.6,33.6,44.3,23.5,7.7,5.3,14.1,20.4,112.6
2021,Dallas Mavericks,72,240.3,41.10,87.3,0.47,13.8,38.1,0.362,27.3,49.2,0.554,16.5,21.2,0.778,9.1,34.2,43.3,22.9,6.3,4.3,12.1,19.4,112.4
2021,Minnesota Timberwolves,72,241.7,40.70,90.9,0.448,13.1,37.6,0.349,27.6,53.3,0.518,17.6,23.1,0.761,10.5,33,43.5,25.6,8.8,5.5,14.3,20.9,112.1
2021,Toronto Raptors,72,240.3,39.70,88.7,0.448,14.5,39.3,0.368,25.3,49.3,0.512,17.4,21.3,0.815,9.4,32.1,41.6,24.1,8.6,5.4,13.2,21.2,111.3
2021,San Antonio Spurs,72,242.8,41.90,90.5,0.462,9.9,28.4,0.35,31.9,62.1,0.514,17.4,22,0.792,9.3,34.6,43.9,24.4,7,5.1,11.4,18,111.1
2021,Chicago Bulls,72,241.4,42.20,88.6,0.476,12.6,34,0.37,29.6,54.6,0.542,13.8,17.5,0.791,9.6,35.3,45,26.8,6.7,4.2,15.1,18.9,110.7
2021,Los Angeles Lakers,72,242.4,40.60,86.1,0.472,11.1,31.2,0.354,29.6,54.8,0.539,17.2,23.3,0.739,9.7,34.6,44.2,24.7,7.8,5.4,15.2,19.1,109.5
2021,Charlotte Hornets,72,241,39.90,87.8,0.455,13.7,37,0.369,26.3,50.8,0.517,15.9,20.9,0.761,10.6,33.2,43.8,26.8,7.8,4.8,14.8,18,109.5
2021,Houston Rockets,72,240.3,39.30,88.5,0.444,13.8,40.6,0.339,25.5,47.9,0.532,16.5,22.3,0.74,9.3,33.3,42.6,23.6,7.6,5,14.7,19.5,108.8
2021,Miami Heat,72,241.4,39.20,83.7,0.468,12.9,36.2,0.358,26.3,47.5,0.553,16.7,21.1,0.79,8,33.5,41.5,26.3,7.9,4,14.1,18.9,108.1
2021,New York Knicks,72,242.1,39.40,86.5,0.456,11.8,30,0.392,27.7,56.4,0.49,16.4,20.9,0.784,9.7,35.5,45.1,21.4,7,5.1,12.9,20.5,107
2021,Detroit Pistons,72,242.1,38.70,85.6,0.452,11.6,32.9,0.351,27.1,52.7,0.515,17.8,23.4,0.759,9.6,33.1,42.7,24.2,7.4,5.2,14.9,20.5,106.6
2021,Oklahoma City Thunder,72,241,38.80,88,0.441,11.9,35.1,0.339,26.9,52.9,0.509,15.5,21.3,0.725,9.9,35.7,45.6,22.1,7,4.4,16.1,18.1,105
2021,Orlando Magic,72,240.7,38.30,89.2,0.429,10.9,31.8,0.343,27.4,57.4,0.476,16.6,21.4,0.775,10.4,35.1,45.4,21.8,6.9,4.4,12.8,17.2,104
2021,Cleveland Cavaliers,72,242.1,38.60,85.8,0.45,10,29.7,0.336,28.6,56,0.51,16.7,22.4,0.743,10.4,32.3,42.8,23.8,7.8,4.5,15.5,18.2,1
2022,Minnesota Timberwolves,82,241.2,41.60,91,0.457,14.8,41.3,0.358,26.8,49.7,0.54,18,23.1,0.778,11.2,32.9,44.2,25.7,8.8,5.6,14.3,21.8,115.9
2022,Memphis Grizzlies,82,241.2,43.50,94.4,0.461,11.5,32.7,0.353,32,61.7,0.519,17,23.1,0.734,14.1,35,49.2,26,9.8,6.5,13.2,19.8,115.6
2022,Milwaukee Bucks,82,240.9,41.80,89.4,0.468,14.1,38.4,0.366,27.8,51,0.544,17.8,22.9,0.776,10.2,36.5,46.7,23.9,7.6,4,13.4,18.2,115.5
2022,Charlotte Hornets,82,242.4,42.80,91.4,0.468,13.9,38.2,0.365,28.8,53.3,0.542,15.8,21.4,0.74,10.8,33.7,44.6,28.1,8.6,4.9,13.3,19.9,115.3
2022,Phoenix Suns,82,240.6,43.70,90.1,0.485,11.6,31.9,0.364,32.1,58.2,0.551,15.9,19.9,0.797,9.8,35.5,45.3,27.4,8.6,4.4,12.9,19.9,114.8
2022,Atlanta Hawks,82,240.3,41.50,88.3,0.47,12.9,34.4,0.374,28.6,53.9,0.531,18.1,22.3,0.812,10,33.9,44,24.6,7.2,4.2,11.9,18.7,113.9
2022,Utah Jazz,82,240.6,40.60,86.2,0.471,14.5,40.3,0.36,26,45.8,0.568,17.9,23.4,0.767,10.8,35.6,46.3,22.4,7.2,4.9,14,18.9,113.6
2022,San Antonio Spurs,82,241.5,43.20,92.7,0.467,11.3,32,0.352,32,60.7,0.527,15.4,20.4,0.754,11,34.3,45.3,27.9,7.6,4.9,12.7,18.1,113.2
2022,Brooklyn Nets,82,240.9,42.00,88.4,0.475,11.5,31.7,0.361,30.5,56.7,0.538,17.5,21.7,0.805,10.3,34.1,44.4,25.3,7.1,5.5,14.1,20.4,112.9
2022,Denver Nuggets,82,241.5,41.70,86.3,0.483,12.7,35.9,0.353,29,50.4,0.575,16.7,21,0.795,9.2,34.9,44.1,27.8,7.2,3.7,14.5,20,112.7
2022,Los Angeles Lakers,82,243.7,41.60,88.8,0.469,12,34.5,0.347,29.7,54.3,0.546,16.8,23,0.732,9.5,34.5,44,24,7.6,5.2,14.5,20.2,112.1
2022,Boston Celtics,82,242.7,40.70,87.4,0.466,13.2,37.1,0.356,27.5,50.3,0.547,17,20.9,0.816,10.5,35.5,46.1,24.8,7.2,5.8,13.6,18.5,111.8
2022,Chicago Bulls,82,240.6,41.70,86.9,0.48,10.6,28.8,0.369,31.1,58.1,0.535,17.5,21.5,0.813,8.7,33.7,42.3,23.9,7.1,4.1,12.8,18.8,111.6
2022,Indiana Pacers,82,242.4,41.40,89.5,0.463,12.2,35.4,0.344,29.3,54.1,0.541,16.4,21.4,0.768,11.3,32.6,43.9,25.4,7.1,5.6,14.4,20.4,111.5
2022,Golden State Warriors,82,240.6,40.50,86.4,0.469,14.3,39.4,0.364,26.2,47,0.557,15.6,20.3,0.769,9.8,35.7,45.5,27.1,8.8,4.5,14.9,21,111
2022,Sacramento Kings,82,241.5,40.50,88.1,0.46,11.4,33.2,0.344,29.1,54.9,0.53,17.9,23.3,0.768,9.6,33.4,42.9,23.7,7.2,4.5,14.1,18.9,110.3
2022,Miami Heat,82,242.1,39.60,84.8,0.467,13.6,35.8,0.379,26,49,0.531,17.3,21.4,0.808,9.8,33.9,43.7,25.5,7.4,3.2,14.6,20.5,110
2022,Philadelphia 76ers,82,241.5,39.40,84.5,0.466,11.6,31.8,0.364,27.8,52.7,0.527,19.6,23.8,0.821,8.5,33.8,42.3,23.7,7.7,5.3,12.5,19.4,109.9
2022,Houston Rockets,82,240.9,39.40,86.4,0.456,13.5,38.7,0.349,25.9,47.7,0.543,17.5,24.5,0.713,9.6,32.4,42,23.6,7.3,4.7,16.5,20.6,109.7
2022,Toronto Raptors,82,242.1,40.60,91.3,0.445,11.9,34.2,0.349,28.7,57.1,0.503,16.2,21.3,0.759,13.4,32,45.3,22.1,9,4.6,12.5,19.6,109.4
2022,New Orleans Pelicans,82,240.9,40.20,88,0.457,10.6,32.1,0.332,29.5,55.9,0.528,18.3,23.2,0.789,12,33.2,45.2,25,8.3,4,14.1,19.7,109.3
2022,Washington Wizards,82,241.8,40.60,86,0.472,10.5,30.6,0.342,30.1,55.4,0.543,17,21.7,0.783,9,34.1,43.1,25,6.4,5,13.1,18.8,108.6
2022,Los Angeles Clippers,82,241.2,40.10,87.4,0.458,12.8,34.2,0.374,27.3,53.3,0.512,15.5,19.6,0.793,9.1,34.9,44,24,7.4,5,13.7,18.6,108.4
2022,Dallas Mavericks,82,240.9,39.30,85.1,0.461,13.1,37.4,0.35,26.2,47.8,0.548,16.4,21.2,0.771,9.3,33.8,43,23.4,6.7,4,12.5,19.7,108
2022,Cleveland Cavaliers,82,240.6,39.70,84.6,0.469,11.6,32.8,0.355,28.1,51.9,0.541,16.8,22.1,0.76,10.2,34,44.2,25.2,7.1,4.2,14.4,17.5,107.8
2022,New York Knicks,82,241.2,37.70,86.2,0.437,13.2,36.9,0.357,24.5,49.3,0.497,18,24.1,0.744,11.5,34.6,46.1,21.9,7,4.9,13.3,20.4,106.5
2022,Portland Trail Blazers,82,240.6,38.50,87.1,0.442,12.7,36.8,0.346,25.8,50.3,0.513,16.4,21.6,0.76,10.4,32.5,42.9,22.9,8,4.5,14.5,21.1,106.2
2022,Detroit Pistons,82,241.2,38.20,88.6,0.431,11.3,34.6,0.326,26.9,54,0.498,17.2,22,0.782,11,32,43,23.5,7.7,4.8,14.2,21.9,104.8
2022,Orlando Magic,82,241.2,38.30,88.3,0.434,12.2,36.9,0.331,26.1,51.4,0.507,15.5,19.7,0.787,9.1,35.2,44.3,23.7,6.8,4.5,14.5,19.7,104.2
2022,Oklahoma City Thunder,82,241.5,38.30,89.1,0.43,12.1,37.4,0.323,26.2,51.8,0.507,15,19.9,0.756,10.4,35.2,45.6,22.2,7.6,4.6,14,18.3,103.7
2023,Sacramento Kings,82,241.8,43.60,88.2,0.494,13.8,37.3,0.369,29.8,50.9,0.586,19.8,25.1,0.79,9.5,32.9,42.5,27.3,7,3.4,13.5,19.7,120.7
2023,Golden State Warriors,82,241.8,43.10,90.2,0.479,16.6,43.2,0.385,26.5,47,0.564,16,20.2,0.794,10.5,34.1,44.6,29.8,7.2,3.9,16.3,21.4,118.9
2023,Atlanta Hawks,82,242.1,44.60,92.4,0.483,10.8,30.5,0.352,33.9,61.8,0.548,18.5,22.6,0.818,11.2,33.2,44.4,25,7.1,4.9,12.9,18.8,118.4
2023,Boston Celtics,82,243.7,42.20,88.8,0.475,16,42.6,0.377,26.2,46.2,0.567,17.5,21.6,0.812,9.7,35.6,45.3,26.7,6.4,5.2,13.4,18.8,117.9
2023,Oklahoma City Thunder,82,242.1,43.10,92.6,0.465,12.1,34.1,0.356,31,58.5,0.53,19.2,23.7,0.809,11.4,32.3,43.6,24.4,8.2,4.2,13,21,117.5
2023,Los Angeles Lakers,82,242.4,42.90,89,0.482,10.8,31.2,0.346,32.1,57.8,0.555,20.6,26.6,0.775,10,35.7,45.7,25.3,6.4,4.6,14.1,17.9,117.2
2023,Utah Jazz,82,241.5,42.50,89.8,0.473,13.3,37.8,0.353,29.2,52,0.56,18.7,23.8,0.786,11.8,34.1,45.9,26,6.1,5.2,15.4,20.5,117.1
2023,Memphis Grizzlies,82,241.2,43.70,92.1,0.475,12,34.2,0.351,31.7,57.9,0.548,17.5,23.8,0.733,12,34.6,46.6,26,8.3,5.8,13.6,20,116.9
2023,Milwaukee Bucks,82,241.8,42.70,90.4,0.473,14.8,40.3,0.368,27.9,50.1,0.557,16.6,22.4,0.743,11.1,37.5,48.6,25.8,6.4,4.9,14.6,18.1,116.9
2023,Indiana Pacers,82,240.9,42.00,89.6,0.469,13.6,37,0.367,28.4,52.6,0.54,18.7,23.7,0.79,10.1,31.4,41.5,27,7.7,5.8,14.9,21.2,116.3
2023,New York Knicks,82,243.4,42.00,89.4,0.47,12.6,35.7,0.354,29.4,53.6,0.547,19.4,25.5,0.761,12.6,34,46.6,22.9,6.4,4.1,13,20.3,116
2023,Denver Nuggets,82,240.9,43.60,86.4,0.504,11.8,31.2,0.379,31.8,55.2,0.575,16.8,22.4,0.751,10.1,32.9,43,28.9,7.5,4.5,14.5,18.6,115.8
2023,Minnesota Timberwolves,82,241.8,42.90,87.4,0.49,12.2,33.3,0.365,30.7,54.1,0.568,17.9,23.7,0.755,9.1,32.8,41.9,26.2,8,5.4,15.3,21.6,115.8
2023,Philadelphia 76ers,82,242.4,40.80,83.8,0.487,12.6,32.6,0.387,28.2,51.2,0.551,21,25.1,0.835,8.7,32.2,40.9,25.2,7.7,4.7,13.7,20.4,115.2
2023,New Orleans Pelicans,82,242.1,42.00,87.6,0.48,11,30.1,0.364,31.1,57.5,0.541,19.3,24.4,0.793,10.6,33.1,43.7,25.9,8.3,4.1,14.6,20.5,114.4
2023,Dallas Mavericks,82,243,40.00,84.3,0.475,15.2,41,0.371,24.8,43.3,0.574,19,25.1,0.755,7.6,31.2,38.8,22.9,6.3,3.7,12.2,20.7,114.2
2023,Phoenix Suns,82,241.2,42.10,90.1,0.467,12.2,32.6,0.374,29.9,57.5,0.52,17.2,21.7,0.793,11.8,32.4,44.2,27.3,7.1,5.3,13.5,21.2,113.6
2023,Los Angeles Clippers,82,241.8,41.10,86.1,0.477,12.7,33.4,0.381,28.4,52.7,0.539,18.7,23.9,0.781,9.8,33.4,43.2,23.9,7.1,4.4,14.2,19.5,113.6
2023,Portland Trail Blazers,82,240.6,40.50,85.4,0.474,12.9,35.3,0.365,27.6,50.1,0.55,19.6,24.6,0.796,9.4,31.1,40.5,24.2,6.7,4.6,14.5,20,113.4
2023,Brooklyn Nets,82,240.6,41.50,85.1,0.487,12.8,33.8,0.378,28.7,51.3,0.559,17.7,22.1,0.8,8.2,32.3,40.5,25.5,7.1,6.2,13.7,21.1,113.4
2023,Washington Wizards,82,240.9,42.10,86.9,0.485,11.3,31.7,0.356,30.9,55.2,0.559,17.6,22.4,0.785,9.4,34.2,43.6,25.4,6.8,5.2,14.1,18.8,113.2
2023,Chicago Bulls,82,242.7,42.50,86.8,0.49,10.4,28.9,0.361,32.1,57.9,0.555,17.6,21.8,0.809,8.5,33.9,42.4,24.5,7.9,4.5,13.4,18.9,113.1
2023,San Antonio Spurs,82,242.1,43.10,92.6,0.465,11.1,32.2,0.345,32,60.4,0.529,15.8,21.2,0.743,11.8,31.9,43.7,27.2,7,3.9,15.3,19.9,113
2023,Toronto Raptors,82,241.5,41.90,91.3,0.459,10.7,32,0.335,31.1,59.3,0.525,18.4,23.4,0.784,12.7,30.3,43,23.9,9.4,5.2,11.7,20,112.9
2023,Cleveland Cavaliers,82,242.4,41.60,85.2,0.488,11.6,31.6,0.367,30,53.6,0.559,17.5,22.5,0.78,9.7,31.4,41.1,24.9,7.1,4.7,13.3,19,112.3
2023,Orlando Magic,82,241.2,40.50,86.3,0.47,10.8,31.1,0.346,29.8,55.2,0.539,19.6,25,0.784,10.2,33.1,43.2,23.2,7.4,4.7,15.1,20.1,111.4
2023,Charlotte Hornets,82,241.8,41.30,90.4,0.457,10.7,32.5,0.33,30.5,57.9,0.528,17.6,23.6,0.749,11,33.5,44.5,25.1,7.7,5.2,14.2,20.3,111
2023,Houston Rockets,82,240.9,40.60,88.9,0.457,10.4,31.9,0.327,30.2,56.9,0.53,19.1,25.3,0.754,13.4,32.9,46.3,22.4,7.3,4.6,16.2,20.5,110.7
2023,Detroit Pistons,82,241.5,39.60,87.1,0.454,11.4,32.4,0.351,28.2,54.6,0.516,19.8,25.7,0.771,11.2,31.3,42.4,23,7,3.8,15.1,22.1,110.3
2023,Miami Heat,82,241.5,39.20,85.3,0.46,12,34.8,0.344,27.3,50.5,0.54,19.1,23,0.831,9.7,30.9,40.6,23.8,8,3,13.5,18.5,10
2024,Indiana Pacers,82,240.3,47.00,92.7,0.507,13.2,35.3,0.374,33.8,57.4,0.589,16.1,20.5,0.782,10.1,31.4,41.5,30.8,7.7,5.9,12.9,21.4,123.3
2024,Boston Celtics,82,241.8,43.90,90.2,0.487,16.5,42.5,0.388,27.4,47.7,0.575,16.3,20.2,0.807,10.7,35.6,46.3,26.9,6.8,6.6,11.9,16.2,120.6
2024,Oklahoma City Thunder,82,241.5,44.50,89.3,0.499,13.3,34.2,0.389,31.3,55.1,0.567,17.7,21.5,0.825,8.8,33.2,42,27.1,8.5,6.6,12.7,18.8,120.1
2024,Milwaukee Bucks,82,241.5,43.10,88.5,0.487,14.2,38.1,0.373,29,50.4,0.574,18.5,23.9,0.774,9.4,34.8,44.2,26.5,6.8,5,12.9,19.2,119
2024,Atlanta Hawks,82,242.1,43.00,92.5,0.465,13.7,37.7,0.364,29.3,54.8,0.535,18.5,23.2,0.797,12.5,32.2,44.7,26.6,7.5,4.5,13.5,18.6,118.3
2024,Los Angeles Lakers,82,242.1,43.70,87.5,0.499,11.8,31.4,0.377,31.8,56.2,0.567,18.9,24.2,0.782,8.2,34.9,43.1,28.5,7.4,5.5,14,15.6,118
2024,Dallas Mavericks,82,240.3,43.10,89.7,0.481,14.6,39.5,0.369,28.5,50.1,0.569,17,22.5,0.758,9.7,33.2,42.9,25.7,6.9,5,12.5,18.3,117.9
2024,Golden State Warriors,82,241.8,43.70,91.6,0.477,14.8,38.9,0.38,28.9,52.7,0.548,15.6,20,0.78,12.1,34.6,46.7,29.3,7,4.6,14.3,19.5,117.8
2024,Sacramento Kings,82,242.1,43.30,90.9,0.477,14.4,39.3,0.366,29,51.7,0.561,15.5,20.9,0.745,10.8,33.2,44,28.3,7.6,4.2,13.1,19.9,116.6
2024,Phoenix Suns,82,241.2,42.50,86.1,0.493,12.4,32.6,0.382,30,53.6,0.561,18.9,23.4,0.808,10.1,33.9,44.1,27,7.4,6,14.9,18,116.2
2024,Utah Jazz,82,241.5,42.00,89.9,0.467,12.9,36.5,0.354,29.1,53.4,0.544,18.8,22.6,0.83,12.2,33.2,45.5,27.2,6.5,5.6,15.7,18.6,115.7
2024,Los Angeles Clippers,82,240.3,42.40,86.7,0.489,12.6,33.2,0.381,29.7,53.5,0.555,18.3,22.2,0.825,10,32.9,43,25.6,7.8,5,13.1,18.5,115.6
2024,New Orleans Pelicans,82,240.3,42.50,87.4,0.486,12.5,32.6,0.383,30,54.8,0.548,17.6,22.8,0.771,10.4,33.6,44,27,8.3,4.6,13,18.4,115.1
2024,Denver Nuggets,82,240.3,44.00,88.8,0.496,11.7,31.2,0.374,32.3,57.5,0.562,15.1,19.9,0.762,10.7,33.7,44.4,29.5,7.1,5.6,12.6,18.2,114.9
2024,Philadelphia 76ers,82,241.2,41.50,89.4,0.464,12.1,33.3,0.363,29.4,56.1,0.525,19.5,23.6,0.826,11,31.9,43,24.9,8.5,6,12,20.3,114.6
2024,Houston Rockets,82,242.1,41.80,91,0.459,12.7,36.1,0.352,29,54.8,0.53,18.1,23.4,0.773,11.5,34,45.5,24.8,7.8,4.6,12.7,20.8,114.3
2024,Washington Wizards,82,240.6,43.00,91.4,0.47,12.4,35.5,0.348,30.6,55.8,0.548,15.4,20.2,0.764,9.2,31.9,41.1,27.9,7.6,5.1,14,20,113.7
2024,Minnesota Timberwolves,82,241.5,41.30,85,0.485,12.6,32.7,0.387,28.6,52.4,0.546,17.8,22.9,0.777,9.4,34.2,43.6,26.6,7.9,6.1,14.2,18.8,113
2024,New York Knicks,82,240.6,41.30,88.7,0.465,13.2,35.8,0.369,28.1,52.9,0.531,17,21.8,0.78,12.7,32.5,45.2,24.4,7.5,4.1,13.2,17.6,112.8
2024,Cleveland Cavaliers,82,241.5,41.80,87.2,0.479,13.5,36.8,0.367,28.3,50.4,0.561,15.6,20.4,0.765,9.8,33.4,43.3,28,7.4,4.6,13.6,17.5,112.6
2024,Toronto Raptors,82,241.5,42.30,89.7,0.471,11.5,33.1,0.347,30.8,56.6,0.543,16.3,21.6,0.756,10.9,31.8,42.7,28.5,7.7,4.7,14,18.4,112.4
2024,Chicago Bulls,82,243.7,42.00,89.5,0.47,11.5,32.1,0.358,30.6,57.4,0.532,16.7,21.1,0.791,11.2,32.6,43.8,25,7.8,4.8,12.2,18.8,112.3
2024,San Antonio Spurs,82,241.8,41.90,90.7,0.462,12.6,36.4,0.347,29.3,54.3,0.539,15.6,20,0.782,10.4,33.9,44.2,29.9,7.1,6.3,15.1,17.2,112.1
2024,Orlando Magic,82,241.2,40.50,84.9,0.476,11,31.3,0.352,29.5,53.6,0.549,18.5,24.4,0.759,10.5,31.8,42.3,24.7,8.2,5.2,14.7,19.7,110.5
2024,Brooklyn Nets,82,241.5,40.70,89.1,0.456,13.3,36.7,0.362,27.4,52.4,0.522,15.8,20.9,0.756,11.4,32.6,44.1,25.6,6.8,5.2,13.1,18.5,110.4
2024,Miami Heat,82,240.9,39.80,85.6,0.465,12.5,33.7,0.37,27.4,51.9,0.527,18,22,0.818,9.3,33,42.3,25.8,7.5,3.4,12.7,17.3,110.1
2024,Detroit Pistons,82,240.9,40.90,88.2,0.463,11,31.7,0.348,29.8,56.5,0.528,17,21.7,0.785,10.5,32.8,43.3,25.5,6.5,4.7,15.2,20.6,109.9
2024,Charlotte Hornets,82,240.6,40.00,87,0.46,12.1,34,0.355,28,53,0.528,14.5,18.4,0.786,9.3,31,40.3,24.8,6.9,4.5,13.8,18,106.6
2024,Portland Trail Blazers,82,242.4,39.40,89.7,0.439,11.5,33.2,0.345,27.9,56.5,0.494,16.2,20.5,0.791,12.6,30.1,42.7,23.1,7.6,4.3,15.2,20.2,106.4
2024,Memphis Grizzlies,82,241.2,38.40,88.2,0.435,13.1,37.8,0.346,25.3,50.4,0.502,16,21,0.764,10.9,31.7,42.6,24.7,8.2,6.1,15.1,19.1,105