Season,Team,G,Age,W,L,PW,PL,Pace,FTr,3PAr,OFF_eFG%,DEF_eFG%,OFF_TOV%,DEF_TOV%,ORB%,DRB%,OFF_FT/FGA,DEF_FT/FGA,pyth_diff
2014,Los Angeles Clippers,82,28.1,57,25.0,59,23,95.9,0.353,0.291,0.526,0.484,12.7,13.8,25.0,72.5,0.258,0.222,-2
2014,Houston Rockets,82,25.4,54,28.0,53,29,96.3,0.386,0.33,0.531,0.489,14.6,12.5,27.4,74.1,0.275,0.193,1
2014,Minnesota Timberwolves,82,26.3,40,42.0,48,34,97.3,0.321,0.245,0.486,0.518,12.2,14.8,27.4,74.4,0.249,0.177,-8
2014,Portland Trail Blazers,82,25.8,54,28.0,52,30,94.9,0.27,0.29,0.504,0.488,12.4,10.9,28.0,74.7,0.22,0.194,2
2014,Oklahoma City Thunder,82,26.2,59,23.0,58,24,95.4,0.303,0.271,0.52,0.488,14.0,13.9,26.5,75.6,0.244,0.221,1
2014,San Antonio Spurs,82,28.9,62,20.0,61,21,95.0,0.24,0.257,0.537,0.482,13.5,12.8,22.7,76.4,0.188,0.184,1
2014,Phoenix Suns,82,26.2,48,34.0,48,34,95.8,0.293,0.3,0.519,0.496,14.0,13.9,26.4,73.7,0.222,0.237,0
2014,Dallas Mavericks,82,30.6,49,33.0,48,34,93.5,0.253,0.274,0.526,0.515,12.7,14.8,24.6,72.7,0.201,0.229,1
2014,Denver Nuggets,82,26.0,36,46.0,35,47,98.1,0.306,0.278,0.497,0.5,14.0,12.8,27.5,74.5,0.222,0.233,1
2014,Golden State Warriors,82,26.3,51,31.0,54,28,96.2,0.247,0.291,0.517,0.477,13.8,13.6,25.1,76.3,0.186,0.224,-3
2014,Los Angeles Lakers,82,26.8,27,55.0,25,57,98.7,0.263,0.291,0.505,0.513,13.7,12.4,20.2,71.0,0.199,0.192,2
2014,Miami Heat,82,30.6,54,28.0,54,28,91.2,0.3,0.292,0.554,0.511,14.6,15.8,20.6,73.0,0.228,0.212,0
2014,Toronto Raptors,82,25.6,48,34.0,50,32,91.8,0.306,0.285,0.498,0.493,13.2,14.1,27.2,74.9,0.239,0.237,-2
2014,Detroit Pistons,82,24.7,29,53.0,31,51,94.9,0.296,0.222,0.482,0.52,12.9,13.8,31.4,73.4,0.199,0.218,-2
2014,Atlanta Hawks,82,27.5,38,44.0,40,42,94.6,0.266,0.316,0.515,0.51,14.3,14.0,21.0,74.4,0.208,0.196,-2
2014,Washington Wizards,82,26.3,44,38.0,45,37,93.2,0.248,0.246,0.506,0.504,13.6,15.0,25.2,75.7,0.181,0.22,-1
2014,Sacramento Kings,82,24.9,28,54.0,33,49,94.4,0.331,0.218,0.484,0.512,13.9,12.7,27.8,76.6,0.251,0.234,-5
2014,New Orleans Pelicans,82,24.3,34,48.0,33,49,92.2,0.286,0.193,0.495,0.515,12.9,13.6,26.9,73.8,0.22,0.249,1
2014,Philadelphia 76ers,82,23.4,19,63.0,16,66,99.2,0.268,0.258,0.475,0.524,14.8,14.9,24.8,72.4,0.19,0.244,3
2014,New York Knicks,82,28.3,37,45.0,39,43,90.3,0.248,0.302,0.505,0.514,12.5,14.0,25.1,74.3,0.189,0.245,-2
2014,Brooklyn Nets,82,30.0,44,38.0,38,44,91.4,0.313,0.301,0.514,0.509,14.1,14.9,21.7,72.3,0.236,0.236,6
2014,Cleveland Cavaliers,82,24.9,33,49.0,32,50,93.1,0.268,0.236,0.479,0.508,13.0,13.0,27.2,75.8,0.201,0.199,1
2014,Charlotte Bobcats,82,25.5,43,39.0,40,42,92.4,0.297,0.219,0.481,0.491,11.7,12.6,21.9,77.6,0.219,0.183,3
2014,Indiana Pacers,82,27.2,56,26.0,54,28,92.5,0.29,0.235,0.49,0.46,14.3,12.9,24.9,76.8,0.226,0.197,2
2014,Orlando Magic,82,24.6,23,59.0,26,56,93.6,0.253,0.235,0.487,0.504,13.9,13.0,22.4,75.5,0.193,0.211,-3
2014,Boston Celtics,82,25.4,25,57.0,28,54,93.3,0.248,0.251,0.477,0.505,14.2,13.4,27.4,74.2,0.193,0.227,-3
2014,Memphis Grizzlies,82,28.5,50,32.0,46,36,89.9,0.248,0.171,0.494,0.497,13.1,13.8,28.3,75.7,0.184,0.199,4
2014,Milwaukee Bucks,82,24.7,15,67.0,20,62,91.8,0.274,0.231,0.479,0.52,14.1,13.2,27.1,71.4,0.204,0.225,-5
2014,Utah Jazz,82,24.5,25,57.0,22,60,91.4,0.271,0.237,0.484,0.518,13.9,12.1,25.5,74.5,0.202,0.227,3
2014,Chicago Bulls,82,28.6,48,34.0,47,35,90.2,0.29,0.222,0.471,0.471,14.2,13.7,27.2,75.4,0.226,0.189,1
2015,Golden State Warriors,82,26.6,67,15.0,65,17,98.3,0.239,0.311,0.54,0.47,13.1,14.3,24.1,74.5,0.184,0.217,2
2015,Los Angeles Clippers,82,28.8,56,26.0,58,24,94.7,0.303,0.322,0.533,0.493,11.6,13.2,22.8,75.7,0.215,0.231,-2
2015,Dallas Mavericks,82,29.9,50,32.0,49,33,95.2,0.262,0.296,0.515,0.503,11.9,14.7,23.6,72.2,0.197,0.204,1
2015,Oklahoma City Thunder,82,25.4,45,37.0,47,35,95.7,0.284,0.262,0.492,0.489,13.1,12.4,28.9,75.6,0.214,0.213,-2
2015,Toronto Raptors,82,26.1,49,33.0,49,33,92.8,0.295,0.302,0.508,0.506,12.0,13.4,25.6,73.3,0.232,0.208,0
2015,Houston Rockets,82,27.6,56,26.0,50,32,96.5,0.312,0.392,0.512,0.486,15.0,14.6,26.8,72.9,0.223,0.208,6
2015,San Antonio Spurs,82,29.8,55,27.0,58,24,93.8,0.256,0.269,0.517,0.484,13.1,13.3,23.4,77.3,0.2,0.19,-3
2015,Cleveland Cavaliers,82,26.9,53,29.0,53,29,92.3,0.287,0.334,0.52,0.502,13.4,12.6,26.8,74.7,0.216,0.177,0
2015,Portland Trail Blazers,82,27.0,51,31.0,53,29,94.2,0.225,0.316,0.508,0.476,12.6,11.3,24.2,76.2,0.18,0.182,-2
2015,Atlanta Hawks,82,27.8,60,22.0,56,26,93.9,0.259,0.321,0.527,0.492,13.5,14.9,21.4,73.4,0.201,0.185,4
2015,Phoenix Suns,82,25.7,39,43.0,38,44,96.3,0.251,0.291,0.501,0.497,13.7,14.0,24.5,73.5,0.191,0.221,1
2015,Denver Nuggets,82,26.4,30,52.0,31,51,96.1,0.278,0.284,0.479,0.504,12.7,13.0,26.6,74.7,0.204,0.239,-1
2015,Boston Celtics,82,25.0,40,42.0,41,41,95.8,0.233,0.28,0.489,0.494,12.5,13.7,24.7,75.0,0.176,0.208,-1
2015,Sacramento Kings,82,26.0,29,53.0,31,51,95.4,0.363,0.204,0.49,0.507,14.8,11.8,26.5,75.2,0.276,0.2,-2
2015,Chicago Bulls,82,28.8,50,32.0,50,32,92.8,0.304,0.269,0.489,0.473,12.9,11.3,27.0,74.4,0.238,0.182,0
2015,New Orleans Pelicans,82,25.3,45,37.0,43,39,91.4,0.263,0.233,0.501,0.496,12.5,11.7,27.1,75.1,0.198,0.195,2
2015,Washington Wizards,82,28.6,46,36.0,43,39,93.7,0.259,0.203,0.499,0.481,14.0,12.9,24.9,77.3,0.192,0.21,3
2015,Los Angeles Lakers,82,27.0,21,61.0,23,59,94.0,0.276,0.22,0.473,0.518,12.1,12.1,25.4,76.3,0.204,0.231,-2
2015,Detroit Pistons,82,25.9,32,50.0,38,44,92.8,0.261,0.29,0.482,0.502,12.3,13.2,27.7,75.0,0.184,0.192,-6
2015,Memphis Grizzlies,82,29.6,55,27.0,50,32,92.0,0.276,0.184,0.489,0.492,12.6,14.5,24.7,75.3,0.214,0.183,5
2015,Brooklyn Nets,82,28.6,38,44.0,33,49,92.7,0.267,0.24,0.491,0.506,13.0,12.9,23.9,73.7,0.2,0.185,5
2015,Minnesota Timberwolves,82,24.4,16,66.0,19,63,94.4,0.309,0.179,0.468,0.537,13.7,13.9,26.6,71.6,0.24,0.187,-3
2015,Milwaukee Bucks,82,24.6,41,41.0,42,40,94.1,0.258,0.223,0.499,0.487,15.5,15.9,25.4,73.3,0.195,0.221,-1
2015,Indiana Pacers,82,28.3,38,44.0,42,40,93.2,0.266,0.255,0.484,0.478,13.1,12.0,24.0,77.9,0.201,0.217,-4
2015,Orlando Magic,82,24.3,25,57.0,25,57,93.8,0.23,0.235,0.494,0.514,14.0,13.6,23.1,76.0,0.168,0.21,0
2015,Utah Jazz,82,23.4,38,44.0,42,40,90.4,0.297,0.274,0.494,0.491,14.6,12.8,29.1,76.3,0.214,0.199,-4
2015,Miami Heat,82,28.5,37,45.0,33,49,90.9,0.306,0.262,0.5,0.505,14.5,14.2,23.2,73.4,0.227,0.213,4
2015,Charlotte Hornets,82,26.0,33,49.0,32,50,93.0,0.269,0.226,0.456,0.487,11.2,12.0,22.1,79.3,0.202,0.188,1
2015,Philadelphia 76ers,82,23.2,18,64.0,18,64,95.7,0.288,0.319,0.459,0.497,16.0,15.2,25.5,73.0,0.195,0.225,0
2015,New York Knicks,82,26.9,17,65.0,17,65,91.2,0.234,0.24,0.47,0.512,14.0,13.3,24.5,73.1,0.18,0.234,0
2016,Golden State Warriors,82,27.4,73,9.0,65,17,99.3,0.25,0.362,0.563,0.479,13.5,12.6,23.5,76.0,0.191,0.208,8
2016,Oklahoma City Thunder,82,25.8,55,27.0,59,23,96.7,0.292,0.275,0.524,0.484,14.0,11.7,31.1,76.0,0.228,0.205,-4
2016,Sacramento Kings,82,26.6,33,49.0,34,48,100.0,0.295,0.26,0.51,0.521,14.2,14.0,23.9,74.9,0.214,0.202,-1
2016,Houston Rockets,82,27.8,41,41.0,42,40,97.6,0.352,0.37,0.516,0.516,14.2,14.8,25.7,72.8,0.244,0.219,-1
2016,Boston Celtics,82,25.2,48,34.0,50,32,98.5,0.264,0.293,0.488,0.487,12.1,14.6,25.1,74.6,0.208,0.231,-2
2016,Portland Trail Blazers,82,24.3,44,38.0,43,39,96.0,0.268,0.332,0.511,0.503,13.2,12.1,25.9,76.2,0.202,0.225,1
2016,Los Angeles Clippers,82,29.7,53,29.0,53,29,95.8,0.318,0.324,0.524,0.48,12.1,13.8,20.1,73.8,0.22,0.222,0
2016,Cleveland Cavaliers,82,28.1,57,25.0,57,25,93.3,0.259,0.352,0.524,0.496,12.7,12.6,25.1,78.5,0.194,0.205,0
2016,Washington Wizards,82,27.3,41,41.0,40,42,98.5,0.263,0.282,0.511,0.515,13.1,14.6,20.6,77.7,0.192,0.218,1
2016,San Antonio Spurs,82,30.3,67,15.0,67,15,93.8,0.246,0.223,0.526,0.477,12.4,14.1,23.0,79.1,0.197,0.182,0
2016,Charlotte Hornets,82,26.0,48,34.0,49,33,95.6,0.28,0.348,0.502,0.496,11.7,12.5,20.0,79.8,0.222,0.191,-1
2016,Atlanta Hawks,82,28.2,48,34.0,51,31,97.1,0.237,0.336,0.516,0.48,13.8,14.4,19.1,74.6,0.185,0.194,-3
2016,Toronto Raptors,82,26.3,56,26.0,53,29,92.9,0.328,0.287,0.504,0.498,12.3,12.7,24.6,77.7,0.255,0.201,3
2016,New Orleans Pelicans,82,26.6,30,52.0,31,51,96.8,0.259,0.277,0.498,0.523,12.3,12.7,21.2,78.8,0.201,0.225,-1
2016,Minnesota Timberwolves,82,24.6,29,53.0,31,51,95.2,0.332,0.202,0.498,0.524,13.9,13.6,24.3,74.7,0.263,0.2,-2
2016,Dallas Mavericks,82,30.3,42,40.0,40,42,94.3,0.265,0.339,0.502,0.504,12.0,12.8,20.6,76.2,0.211,0.198,2
2016,Indiana Pacers,82,26.9,45,37.0,46,36,96.6,0.268,0.27,0.497,0.489,13.5,14.3,23.4,76.0,0.205,0.205,-1
2016,Orlando Magic,82,23.9,35,47.0,36,46,96.0,0.232,0.255,0.5,0.513,12.8,13.8,23.1,76.5,0.175,0.215,-1
2016,Detroit Pistons,82,25.0,44,38.0,43,39,95.1,0.296,0.303,0.491,0.504,12.2,12.5,27.0,79.3,0.197,0.196,1
2016,Denver Nuggets,82,24.7,33,49.0,33,49,95.7,0.282,0.277,0.489,0.515,13.2,12.6,25.8,77.3,0.216,0.216,0
2016,Chicago Bulls,82,27.6,42,40.0,37,45,95.7,0.24,0.244,0.487,0.485,12.6,10.7,24.5,74.9,0.189,0.182,5
2016,Phoenix Suns,82,26.0,23,59.0,24,58,98.5,0.271,0.302,0.487,0.523,15.2,13.5,25.4,77.1,0.204,0.237,-1
2016,Miami Heat,82,28.4,48,34.0,46,36,93.6,0.282,0.221,0.508,0.485,13.3,12.1,23.8,77.8,0.21,0.196,2
2016,Memphis Grizzlies,82,30.5,42,40.0,35,47,93.3,0.295,0.222,0.477,0.518,12.3,15.2,25.3,75.1,0.231,0.251,7
2016,Milwaukee Bucks,82,23.5,33,49.0,29,53,94.2,0.276,0.189,0.499,0.51,14.2,14.2,24.9,73.1,0.207,0.221,4
2016,Brooklyn Nets,82,26.9,21,61.0,22,60,95.2,0.246,0.218,0.492,0.534,13.6,13.1,24.1,75.7,0.186,0.176,-1
2016,New York Knicks,82,27.2,32,50.0,33,49,93.4,0.255,0.256,0.483,0.487,12.6,10.5,23.7,75.8,0.205,0.204,-1
2016,Utah Jazz,82,24.2,40,42.0,46,36,91.0,0.286,0.297,0.501,0.495,14.2,13.5,25.9,77.7,0.213,0.21,-6
2016,Philadelphia 76ers,82,23.3,10,72.0,16,66,97.9,0.269,0.327,0.487,0.51,14.8,13.5,20.6,74.0,0.186,0.24,-6
2016,Los Angeles Lakers,82,26.5,17,65.0,17,65,95.6,0.292,0.29,0.46,0.523,12.5,11.6,23.1,74.7,0.228,0.202,0
2017,Golden State Warriors,82,28.2,67,15.0,67,15,99.8,0.259,0.359,0.563,0.486,13.2,13.5,22.8,74.9,0.204,0.198,0
2017,Houston Rockets,82,27.4,55,27.0,55,27,100.0,0.304,0.462,0.545,0.519,13.3,13.2,24.6,75.8,0.233,0.194,0
2017,Denver Nuggets,82,25.2,40,42.0,42,40,98.3,0.276,0.329,0.53,0.532,13.2,10.9,27.3,78.7,0.214,0.194,-2
2017,Cleveland Cavaliers,82,29.2,51,31.0,49,33,96.2,0.275,0.399,0.547,0.516,12.6,11.4,21.9,75.8,0.206,0.174,2
2017,Washington Wizards,82,26.0,49,33.0,46,36,97.4,0.254,0.284,0.528,0.524,12.8,13.8,24.1,75.5,0.199,0.213,3
2017,Los Angeles Clippers,82,30.0,51,31.0,52,30,96.1,0.312,0.329,0.537,0.506,12.0,12.1,21.5,76.9,0.233,0.211,-1
2017,Boston Celtics,82,25.9,53,29.0,48,34,96.8,0.273,0.393,0.525,0.503,12.2,12.6,21.2,75.3,0.22,0.223,5
2017,Portland Trail Blazers,82,24.8,41,41.0,40,42,96.7,0.275,0.322,0.52,0.508,12.5,11.6,23.0,76.8,0.214,0.241,1
2017,Phoenix Suns,82,25.0,24,58.0,27,55,100.3,0.297,0.255,0.493,0.525,13.4,13.1,26.0,76.4,0.231,0.264,-3
2017,Toronto Raptors,82,26.1,51,31.0,52,30,94.7,0.293,0.289,0.517,0.507,11.8,13.5,25.0,76.3,0.233,0.223,-1
2017,Oklahoma City Thunder,82,24.7,47,35.0,43,39,97.8,0.295,0.295,0.5,0.511,13.2,12.5,27.9,79.0,0.22,0.218,4
2017,Brooklyn Nets,82,26.0,20,62.0,24,58,101.3,0.289,0.371,0.507,0.513,14.7,11.6,19.6,76.1,0.228,0.212,-4
2017,Minnesota Timberwolves,82,24.0,31,51.0,38,44,94.6,0.287,0.249,0.511,0.535,12.9,13.2,27.2,75.9,0.229,0.212,-7
2017,San Antonio Spurs,82,29.6,61,21.0,60,22,94.2,0.263,0.281,0.524,0.492,12.6,13.5,24.0,77.6,0.21,0.192,1
2017,Indiana Pacers,82,27.0,42,40.0,40,42,95.9,0.261,0.272,0.516,0.512,12.8,13.6,21.2,75.5,0.212,0.225,2
2017,Charlotte Hornets,82,26.5,36,46.0,42,40,95.7,0.279,0.335,0.501,0.523,10.7,12.1,19.9,79.6,0.227,0.164,-6
2017,Los Angeles Lakers,82,25.1,26,56.0,24,58,98.5,0.259,0.295,0.501,0.542,13.5,13.0,25.0,75.8,0.195,0.213,2
2017,New Orleans Pelicans,82,25.7,34,48.0,35,47,98.0,0.256,0.308,0.504,0.509,11.7,12.4,18.5,76.8,0.192,0.177,-1
2017,New York Knicks,82,27.3,31,51.0,31,51,96.0,0.239,0.279,0.496,0.511,12.4,11.7,26.6,74.1,0.188,0.214,0
2017,Milwaukee Bucks,82,25.6,42,40.0,40,42,94.5,0.274,0.29,0.527,0.518,13.2,13.6,21.5,75.4,0.21,0.215,2
2017,Atlanta Hawks,82,27.9,43,39.0,39,43,97.4,0.295,0.309,0.504,0.507,14.2,13.8,23.6,76.1,0.215,0.179,4
2017,Miami Heat,82,26.5,41,41.0,44,38,95.2,0.251,0.314,0.512,0.496,12.4,12.6,24.2,76.4,0.177,0.22,-3
2017,Chicago Bulls,82,26.9,41,41.0,42,40,95.3,0.259,0.256,0.487,0.507,12.3,12.4,27.0,76.8,0.206,0.169,-1
2017,Sacramento Kings,82,27.9,32,50.0,31,51,94.9,0.284,0.291,0.516,0.528,13.7,12.9,21.0,76.3,0.22,0.227,1
2017,Philadelphia 76ers,82,24.6,28,54.0,26,56,98.5,0.258,0.349,0.501,0.512,14.9,13.5,22.4,75.3,0.199,0.234,2
2017,Detroit Pistons,82,25.4,37,45.0,38,44,95.0,0.218,0.263,0.492,0.516,10.9,12.1,24.1,81.2,0.157,0.197,-1
2017,Orlando Magic,82,25.3,29,53.0,24,58,96.8,0.246,0.3,0.489,0.523,12.1,11.9,21.6,77.4,0.184,0.201,5
2017,Utah Jazz,82,26.8,51,31.0,52,30,91.6,0.288,0.327,0.526,0.493,13.2,11.8,23.2,78.9,0.215,0.195,-1
2017,Memphis Grizzlies,82,29.5,43,39.0,42,40,92.3,0.28,0.316,0.491,0.506,12.1,13.6,24.8,77.5,0.219,0.256,1
2017,Dallas Mavericks,82,27.6,33,49.0,33,49,92.2,0.225,0.366,0.505,0.529,11.6,14.4,18.1,77.6,0.18,0.218,0
2018,Golden State Warriors,82,28.8,58,24.0,56,26,99.6,0.239,0.339,0.569,0.504,14.1,12.6,21.0,76.3,0.195,0.186,2
2018,Houston Rockets,82,29.8,65,17.0,61,21,97.6,0.298,0.502,0.551,0.521,12.7,13.4,21.3,79.9,0.233,0.171,4
2018,New Orleans Pelicans,82,27.6,48,34.0,44,38,100.5,0.237,0.319,0.541,0.513,13.3,12.5,20.0,76.7,0.183,0.175,4
2018,Toronto Raptors,82,25.8,59,23.0,60,22,97.4,0.25,0.377,0.539,0.501,12.1,13.0,23.0,77.7,0.198,0.212,-1
2018,Cleveland Cavaliers,82,30.6,50,32.0,43,39,98.0,0.275,0.379,0.547,0.54,12.6,12.2,20.1,77.3,0.214,0.166,7
2018,Denver Nuggets,82,25.1,46,36.0,45,37,96.8,0.258,0.357,0.536,0.539,13.4,12.6,25.7,77.5,0.198,0.173,1
2018,Philadelphia 76ers,82,25.8,52,30.0,53,29,99.8,0.263,0.344,0.535,0.492,14.6,12.6,25.3,78.6,0.198,0.218,-1
2018,Minnesota Timberwolves,82,27.1,47,35.0,47,35,96.0,0.28,0.261,0.523,0.539,11.4,13.9,24.4,76.4,0.225,0.189,0
2018,Los Angeles Clippers,82,27.0,42,40.0,41,41,98.7,0.299,0.314,0.527,0.52,13.2,12.6,23.5,76.1,0.222,0.203,1
2018,Charlotte Hornets,82,26.6,36,46.0,42,40,98.4,0.312,0.314,0.508,0.532,11.4,12.4,22.2,80.7,0.233,0.165,-6
2018,Los Angeles Lakers,82,23.7,35,47.0,37,45,100.3,0.264,0.329,0.517,0.514,13.8,12.5,23.6,77.7,0.188,0.19,-2
2018,Oklahoma City Thunder,82,27.3,48,34.0,50,32,96.7,0.275,0.345,0.514,0.525,12.4,14.7,27.7,77.4,0.197,0.193,-2
2018,Washington Wizards,82,26.9,43,39.0,43,39,96.6,0.254,0.31,0.525,0.522,13.3,13.6,23.5,77.1,0.196,0.212,0
2018,Brooklyn Nets,82,25.1,28,54.0,31,51,98.9,0.26,0.411,0.514,0.517,13.6,11.0,21.0,77.0,0.201,0.201,-3
2018,Milwaukee Bucks,82,25.9,44,38.0,40,42,96.3,0.281,0.297,0.531,0.528,12.9,14.2,20.4,75.9,0.22,0.22,4
2018,Indiana Pacers,82,26.2,48,34.0,45,37,96.0,0.222,0.284,0.525,0.527,12.3,14.2,22.7,76.2,0.173,0.174,3
2018,Portland Trail Blazers,82,25.6,49,33.0,48,34,96.5,0.24,0.324,0.511,0.503,12.3,11.7,23.3,79.1,0.192,0.193,1
2018,New York Knicks,82,26.3,29,53.0,32,50,96.8,0.216,0.266,0.51,0.522,13.3,12.1,24.1,76.7,0.17,0.208,-3
2018,Utah Jazz,82,26.7,48,34.0,53,29,95.7,0.26,0.357,0.527,0.506,13.7,14.0,21.5,79.8,0.202,0.19,-5
2018,Boston Celtics,82,24.7,55,27.0,51,31,96.0,0.243,0.357,0.518,0.495,12.9,13.0,21.5,78.4,0.188,0.191,4
2018,Phoenix Suns,82,23.7,21,61.0,19,63,100.3,0.275,0.32,0.495,0.533,13.9,11.9,22.5,76.5,0.203,0.212,2
2018,Detroit Pistons,82,25.9,39,43.0,41,41,96.2,0.227,0.333,0.512,0.524,12.3,13.7,22.7,78.5,0.169,0.172,-2
2018,Miami Heat,82,26.5,44,38.0,42,40,95.6,0.229,0.358,0.52,0.507,13.3,13.1,21.5,79.0,0.173,0.215,2
2018,Orlando Magic,82,25.6,25,57.0,28,54,98.1,0.238,0.342,0.512,0.525,13.3,12.8,20.0,75.6,0.18,0.187,-3
2018,Atlanta Hawks,82,25.4,24,58.0,27,55,98.3,0.236,0.363,0.512,0.536,14.1,13.6,21.1,76.2,0.185,0.183,-3
2018,Chicago Bulls,82,24.4,27,55.0,23,59,98.3,0.216,0.35,0.497,0.542,12.6,12.4,20.6,80.6,0.164,0.184,4
2018,San Antonio Spurs,82,29.3,47,35.0,49,33,95.0,0.245,0.282,0.507,0.507,12.2,13.2,23.7,78.6,0.189,0.17,-2
2018,Dallas Mavericks,82,27.7,24,58.0,33,49,95.6,0.217,0.382,0.513,0.532,11.5,12.8,18.0,78.9,0.166,0.193,-9
2018,Memphis Grizzlies,82,26.0,22,60.0,25,57,94.9,0.255,0.317,0.5,0.529,14.0,13.8,22.4,76.5,0.201,0.256,-3
2018,Sacramento Kings,82,26.4,27,55.0,23,59,94.9,0.194,0.278,0.502,0.542,12.8,13.5,21.5,77.6,0.143,0.199,4
2019,Milwaukee Bucks,82,26.9,60,22.0,61,21,103.3,0.255,0.419,0.55,0.503,12.0,11.5,20.8,80.3,0.197,0.162,-1
2019,Golden State Warriors,82,28.4,57,25.0,56,26,100.9,0.227,0.384,0.565,0.508,12.6,11.7,22.5,77.1,0.182,0.205,1
2019,New Orleans Pelicans,82,25.7,33,49.0,38,44,103.3,0.254,0.324,0.529,0.532,12.6,11.6,24.1,76.8,0.193,0.193,-5
2019,Philadelphia 76ers,82,26.4,51,31.0,48,34,101.6,0.312,0.342,0.532,0.512,12.9,11.1,24.5,78.6,0.241,0.206,3
2019,Los Angeles Clippers,82,27.2,48,34.0,43,39,101.7,0.326,0.295,0.529,0.514,12.7,11.4,22.0,76.0,0.258,0.224,5
2019,Portland Trail Blazers,82,26.2,53,29.0,51,31,99.1,0.258,0.339,0.528,0.516,12.1,11.0,26.6,77.9,0.21,0.195,2
2019,Oklahoma City Thunder,82,25.7,49,33.0,50,32,102.8,0.266,0.347,0.514,0.523,11.7,14.4,26.0,78.2,0.19,0.206,-1
2019,Toronto Raptors,82,27.3,58,24.0,56,26,100.2,0.247,0.379,0.543,0.509,12.4,13.1,21.9,77.1,0.198,0.19,2
2019,Sacramento Kings,82,24.8,39,43.0,38,44,103.1,0.244,0.321,0.524,0.533,11.5,13.6,23.1,75.5,0.177,0.207,1
2019,Washington Wizards,82,26.5,32,50.0,34,48,101.4,0.266,0.37,0.531,0.546,12.3,13.5,21.3,74.1,0.204,0.199,-2
2019,Houston Rockets,82,29.2,53,29.0,53,29,97.9,0.279,0.519,0.542,0.525,12.0,13.4,22.8,74.4,0.221,0.21,0
2019,Atlanta Hawks,82,25.1,29,53.0,27,55,103.9,0.255,0.403,0.522,0.541,14.3,12.8,24.7,76.4,0.192,0.237,2
2019,Minnesota Timberwolves,82,26.2,36,46.0,37,45,100.2,0.267,0.315,0.511,0.538,11.4,12.9,24.6,74.9,0.21,0.19,-1
2019,Boston Celtics,82,25.7,49,33.0,52,30,99.6,0.215,0.381,0.534,0.514,11.5,13.4,21.6,77.0,0.173,0.198,-3
2019,Brooklyn Nets,82,25.4,42,40.0,41,41,100.8,0.284,0.403,0.52,0.512,13.0,11.6,23.8,76.4,0.211,0.19,1
2019,Los Angeles Lakers,82,26.2,37,45.0,37,45,103.2,0.257,0.342,0.527,0.516,13.4,12.2,22.2,76.4,0.18,0.192,0
2019,San Antonio Spurs,82,28.8,48,34.0,45,37,98.3,0.237,0.286,0.534,0.528,11.0,11.0,21.0,79.4,0.194,0.17,3
2019,Utah Jazz,82,27.3,50,32.0,54,28,100.3,0.295,0.394,0.538,0.507,13.4,12.4,22.9,80.3,0.217,0.189,-4
2019,Denver Nuggets,82,24.9,54,28.0,51,31,97.7,0.232,0.348,0.527,0.521,11.9,12.3,26.6,78.0,0.175,0.194,3
2019,Charlotte Hornets,82,26.6,39,43.0,38,44,98.7,0.257,0.378,0.514,0.538,10.9,12.1,21.7,77.1,0.205,0.179,1
2019,Dallas Mavericks,82,26.9,33,49.0,38,44,99.0,0.291,0.422,0.519,0.522,12.7,11.6,22.7,77.5,0.216,0.191,-5
2019,Indiana Pacers,82,27.0,48,34.0,50,32,98.1,0.242,0.292,0.53,0.516,12.4,14.1,21.9,76.2,0.182,0.184,-2
2019,Phoenix Suns,82,24.0,19,63.0,19,63,100.5,0.259,0.335,0.514,0.545,13.8,13.5,20.5,72.5,0.202,0.236,0
2019,Orlando Magic,82,25.7,42,40.0,43,39,98.1,0.216,0.36,0.518,0.515,11.9,11.8,22.0,79.7,0.168,0.186,-1
2019,Detroit Pistons,82,26.9,41,41.0,40,42,97.4,0.262,0.394,0.509,0.526,12.3,12.8,24.8,78.7,0.195,0.211,1
2019,Miami Heat,82,27.0,39,43.0,40,42,98.2,0.247,0.368,0.515,0.51,13.1,12.7,24.8,77.6,0.172,0.201,-1
2019,Chicago Bulls,82,24.0,22,60.0,21,61,99.0,0.235,0.295,0.505,0.541,12.7,11.9,19.4,77.3,0.184,0.188,1
2019,New York Knicks,82,23.4,17,65.0,19,63,99.6,0.27,0.334,0.49,0.533,12.4,11.7,22.1,76.1,0.205,0.203,-2
2019,Cleveland Cavaliers,82,25.2,19,63.0,19,63,96.6,0.236,0.332,0.503,0.564,12.2,11.5,23.7,77.0,0.187,0.181,0
2019,Memphis Grizzlies,82,27.7,33,49.0,34,48,96.6,0.272,0.342,0.508,0.521,12.9,13.9,20.0,77.6,0.21,0.232,-1
2020,Milwaukee Bucks,73,29.2,56,17.0,57,16,105.1,0.271,0.428,0.552,0.489,12.9,12.0,20.7,81.6,0.201,0.178,-1
2020,Houston Rockets,72,29.2,44,28.0,42,30,103.7,0.288,0.501,0.537,0.529,12.6,13.7,21.0,75.6,0.228,0.197,2
2020,Dallas Mavericks,75,26.1,43,32.0,49,26,99.3,0.264,0.457,0.545,0.525,11.2,10.6,23.2,77.7,0.206,0.175,-6
2020,Los Angeles Clippers,72,27.4,49,23.0,50,22,101.5,0.295,0.375,0.535,0.506,12.6,12.2,23.5,77.6,0.233,0.206,-1
2020,New Orleans Pelicans,72,25.4,30,42.0,33,39,103.7,0.256,0.403,0.539,0.532,13.9,12.4,24.2,77.8,0.186,0.212,-3
2020,Portland Trail Blazers,74,27.5,35,39.0,34,40,100.7,0.242,0.374,0.533,0.53,11.2,11.2,22.4,75.3,0.194,0.208,1
2020,Washington Wizards,72,25.1,25,47.0,26,46,102.7,0.27,0.358,0.523,0.558,12.2,13.9,22.2,75.3,0.213,0.231,-1
2020,San Antonio Spurs,71,27.6,32,39.0,33,38,100.5,0.262,0.318,0.531,0.542,11.2,11.7,20.1,79.2,0.212,0.193,-1
2020,Boston Celtics,72,25.3,48,24.0,50,22,99.5,0.259,0.386,0.531,0.509,12.2,13.5,23.9,77.4,0.207,0.215,-2
2020,Phoenix Suns,73,24.6,34,39.0,37,36,101.3,0.271,0.361,0.532,0.539,13.0,13.7,22.2,78.8,0.226,0.221,-3
2020,Los Angeles Lakers,71,29.5,52,19.0,48,23,100.9,0.276,0.358,0.542,0.515,13.3,14.1,24.5,78.8,0.201,0.205,4
2020,Minnesota Timberwolves,64,24.8,19,45.0,24,40,103.4,0.277,0.433,0.514,0.541,13.0,13.2,22.1,77.2,0.209,0.218,-5
2020,Toronto Raptors,72,26.6,53,19.0,50,22,100.9,0.264,0.421,0.536,0.502,13.1,14.6,21.3,76.7,0.21,0.202,3
2020,Memphis Grizzlies,73,24.1,34,39.0,34,39,102.8,0.24,0.346,0.528,0.521,13.2,12.7,23.0,77.8,0.183,0.217,0
2020,Miami Heat,73,25.9,44,29.0,43,30,98.3,0.299,0.419,0.547,0.523,13.5,12.6,20.3,79.5,0.234,0.213,1
2020,Atlanta Hawks,67,24.1,20,47.0,18,49,103.0,0.258,0.398,0.515,0.543,13.8,12.7,21.6,74.9,0.204,0.233,2
2020,Brooklyn Nets,72,26.3,35,37.0,35,37,101.4,0.267,0.423,0.52,0.511,13.1,11.0,23.2,77.8,0.199,0.187,0
2020,Denver Nuggets,73,25.6,46,27.0,41,32,97.1,0.235,0.344,0.535,0.533,12.3,12.9,24.8,76.8,0.183,0.198,5
2020,Utah Jazz,72,27.3,44,28.0,42,30,98.6,0.268,0.414,0.549,0.518,13.7,11.1,21.6,78.9,0.208,0.185,2
2020,Philadelphia 76ers,73,26.3,43,30.0,42,31,99.0,0.255,0.36,0.534,0.523,12.7,12.5,23.9,80.3,0.193,0.214,1
2020,Oklahoma City Thunder,72,25.5,44,28.0,41,31,98.8,0.29,0.353,0.53,0.518,12.4,12.6,19.3,76.8,0.231,0.173,3
2020,Sacramento Kings,72,27.0,31,41.0,31,41,98.9,0.23,0.395,0.534,0.543,13.0,13.6,21.9,78.4,0.177,0.225,0
2020,Indiana Pacers,73,25.6,45,28.0,41,32,98.9,0.216,0.317,0.534,0.511,12.0,13.0,20.0,76.7,0.17,0.192,4
2020,Orlando Magic,73,26.1,33,40.0,34,39,98.6,0.256,0.364,0.506,0.535,11.5,13.2,22.3,79.1,0.198,0.176,-1
2020,Detroit Pistons,66,25.9,20,46.0,26,40,97.6,0.261,0.381,0.529,0.541,13.8,12.7,22.6,75.9,0.194,0.186,-6
2020,Cleveland Cavaliers,65,25.0,19,46.0,18,47,98.7,0.227,0.362,0.522,0.56,14.6,11.7,24.6,77.4,0.172,0.164,1
2020,Chicago Bulls,65,24.4,22,43.0,26,39,99.7,0.231,0.396,0.515,0.546,13.7,16.3,22.8,75.6,0.175,0.239,-4
2020,Golden State Warriors,65,24.4,15,50.0,16,49,100.3,0.264,0.355,0.497,0.553,13.2,13.7,21.5,76.4,0.212,0.193,-1
2020,New York Knicks,66,24.5,21,45.0,20,46,98.6,0.263,0.318,0.501,0.541,12.6,12.4,25.8,78.3,0.182,0.224,1
2020,Charlotte Hornets,65,24.3,23,42.0,19,46,95.8,0.252,0.399,0.504,0.546,13.3,13.1,23.9,74.4,0.188,0.159,4
2021,Milwaukee Bucks,72,28.1,46,26.0,48,24,102.2,0.233,0.404,0.566,0.536,12.0,11.5,23.3,79.7,0.177,0.157,-2
2021,Brooklyn Nets,72,28.2,48,24.0,46,26,99.5,0.258,0.413,0.575,0.531,12.2,11.1,21.4,77.3,0.208,0.187,2
2021,Washington Wizards,72,26.6,34,38.0,32,40,104.1,0.288,0.319,0.531,0.539,12.3,12.5,21.3,77.6,0.221,0.217,2
2021,Utah Jazz,72,28.5,52,20.0,55,17,98.5,0.244,0.488,0.563,0.507,12.7,10.3,24.5,79.3,0.195,0.159,-3
2021,Portland Trail Blazers,72,27.4,42,30.0,40,32,98.4,0.238,0.448,0.54,0.546,9.9,11.2,23.0,77.5,0.195,0.203,2
2021,Phoenix Suns,72,26.6,51,21.0,49,23,97.2,0.212,0.392,0.564,0.534,11.5,12.4,20.8,78.5,0.177,0.194,2
2021,Indiana Pacers,72,26.5,34,38.0,36,36,101.6,0.227,0.372,0.542,0.531,11.9,12.7,20.2,74.9,0.18,0.201,-2
2021,Denver Nuggets,72,26.1,47,25.0,47,25,97.1,0.219,0.383,0.557,0.545,12.1,12.9,24.7,78.9,0.176,0.2,0
2021,New Orleans Pelicans,72,24.8,31,41.0,35,37,100.1,0.293,0.342,0.537,0.55,12.7,11.9,26.3,80.0,0.214,0.186,-4
2021,Los Angeles Clippers,72,28.8,47,25.0,49,23,96.9,0.222,0.4,0.564,0.531,12.2,11.9,22.7,79.1,0.186,0.186,-2
2021,Atlanta Hawks,72,25.4,41,31.0,41,31,97.6,0.278,0.382,0.539,0.53,11.9,11.1,24.4,77.8,0.226,0.19,0
2021,Sacramento Kings,72,25.6,31,41.0,28,44,100.0,0.248,0.376,0.549,0.557,12.0,12.1,21.3,75.0,0.185,0.199,3
2021,Golden State Warriors,72,26.7,39,33.0,38,34,102.2,0.239,0.439,0.551,0.522,13.3,13.1,17.9,76.6,0.188,0.223,1
2021,Philadelphia 76ers,72,27.1,49,23.0,48,24,99.5,0.293,0.347,0.541,0.521,12.8,13.8,23.2,78.2,0.225,0.2,1
2021,Memphis Grizzlies,72,24.2,38,34.0,38,34,100.4,0.232,0.342,0.528,0.535,11.6,13.1,24.2,78.3,0.179,0.196,0
2021,Boston Celtics,72,25.1,36,36.0,39,33,98.3,0.234,0.409,0.543,0.539,12.5,12.8,24.3,78.1,0.181,0.215,-3
2021,Dallas Mavericks,72,26.3,42,30.0,41,31,97.3,0.242,0.436,0.55,0.534,11.1,11.5,21.1,77.8,0.189,0.197,1
2021,Minnesota Timberwolves,72,23.2,23,49.0,24,48,101.6,0.254,0.413,0.52,0.556,12.4,13.3,22.7,76.8,0.193,0.207,-1
2021,Toronto Raptors,72,26.6,27,45.0,35,37,99.2,0.241,0.444,0.529,0.543,11.9,14.4,20.8,76.3,0.196,0.234,-8
2021,San Antonio Spurs,72,26.2,33,39.0,32,40,98.9,0.243,0.314,0.517,0.541,10.2,11.8,20.0,77.3,0.192,0.174,1
2021,Chicago Bulls,72,25.6,31,41.0,34,38,99.0,0.197,0.383,0.547,0.538,13.6,11.6,22.3,80.3,0.156,0.196,-3
2021,Los Angeles Lakers,72,28.2,42,30.0,42,30,98.7,0.271,0.363,0.536,0.526,13.6,13.7,22.5,79.7,0.2,0.184,0
2021,Charlotte Hornets,72,24.6,33,39.0,32,40,98.3,0.238,0.422,0.532,0.55,13.3,13.2,23.5,75.7,0.181,0.163,1
2021,Houston Rockets,72,26.5,17,55.0,20,52,101.4,0.252,0.459,0.521,0.555,13.0,12.9,19.8,77.1,0.187,0.201,-3
2021,Miami Heat,72,27.4,40,32.0,36,36,96.6,0.252,0.432,0.546,0.542,13.1,13.8,19.4,77.9,0.199,0.183,4
2021,New York Knicks,72,25.6,41,31.0,41,31,95.9,0.242,0.347,0.524,0.509,11.9,11.7,21.9,78.6,0.19,0.196,0
2021,Detroit Pistons,72,24.5,20,52.0,26,46,97.9,0.273,0.385,0.519,0.541,13.5,12.6,21.9,76.9,0.207,0.195,-6
2021,Oklahoma City Thunder,72,22.8,22,50.0,15,57,101.0,0.242,0.399,0.509,0.547,14.2,11.5,21.2,77.9,0.176,0.167,7
2021,Orlando Magic,72,25.6,21,51.0,17,55,98.7,0.24,0.356,0.49,0.547,11.5,11.5,21.6,78.2,0.186,0.169,4
2021,Cleveland Cavaliers,72,24.0,22,50.0,18,54,97.3,0.261,0.347,0.508,0.556,13.9,13.0,23.6,76.6,0.194,0.183,4
2022,Minnesota Timberwolves,82,24.2,46,36.0,48,34,100.9,0.254,0.454,0.539,0.535,12.4,14.2,24.4,74.9,0.198,0.227,-2
2022,Memphis Grizzlies,82,24.0,56,26.0,55,27,100.3,0.245,0.346,0.522,0.523,11.2,13.3,30.0,77.8,0.18,0.195,1
2022,Milwaukee Bucks,82,28.5,51,31.0,49,33,99.9,0.257,0.43,0.546,0.536,11.9,11.6,23.0,78.6,0.199,0.165,2
2022,Charlotte Hornets,82,25.5,43,39.0,42,40,100.0,0.234,0.418,0.544,0.544,11.6,13.1,23.3,74.8,0.173,0.187,1
2022,Phoenix Suns,82,27.5,64,18.0,59,23,99.8,0.221,0.354,0.549,0.51,11.6,13.0,22.3,77.1,0.176,0.195,5
2022,Atlanta Hawks,82,26.1,43,39.0,45,37,97.7,0.253,0.39,0.543,0.543,10.8,11.5,23.0,76.9,0.205,0.177,-2
2022,Utah Jazz,82,29.3,49,33.0,56,26,97.1,0.271,0.468,0.555,0.521,12.7,10.9,25.4,78.3,0.208,0.164,-7
2022,San Antonio Spurs,82,24.5,34,48.0,41,41,100.0,0.22,0.345,0.527,0.532,11.1,12.1,23.7,75.1,0.166,0.176,-7
2022,Brooklyn Nets,82,29.1,44,38.0,43,39,99.0,0.246,0.359,0.54,0.521,12.5,11.7,23.9,75.1,0.198,0.201,1
2022,Denver Nuggets,82,27.7,48,34.0,47,35,97.8,0.244,0.416,0.556,0.537,13.2,11.7,21.9,78.3,0.194,0.188,1
2022,Los Angeles Lakers,82,30.2,33,49.0,33,49,100.1,0.259,0.388,0.537,0.54,12.8,12.2,21.1,75.8,0.19,0.192,0
2022,Boston Celtics,82,26.1,51,31.0,59,23,96.6,0.239,0.425,0.542,0.502,12.4,12.5,24.0,77.3,0.195,0.183,-8
2022,Chicago Bulls,82,26.3,46,36.0,40,42,98.3,0.248,0.332,0.541,0.541,11.8,11.9,20.4,78.3,0.201,0.199,6
2022,Indiana Pacers,82,26.0,25,57.0,32,50,98.0,0.239,0.395,0.531,0.552,12.7,11.9,25.5,76.2,0.184,0.204,-7
2022,Golden State Warriors,82,27.6,53,29.0,55,27,98.4,0.235,0.456,0.552,0.509,13.5,13.0,22.8,78.7,0.181,0.201,-2
2022,Sacramento Kings,82,25.8,30,52.0,28,54,99.8,0.264,0.377,0.525,0.551,12.5,11.9,21.3,76.0,0.203,0.176,2
2022,Miami Heat,82,28.2,53,29.0,53,29,95.9,0.252,0.422,0.547,0.524,13.4,13.8,23.5,78.0,0.204,0.209,0
2022,Philadelphia 76ers,82,26.8,51,31.0,48,34,96.2,0.282,0.376,0.534,0.524,11.6,12.1,20.1,76.8,0.232,0.192,3
2022,Houston Rockets,82,24.1,20,62.0,21,61,100.9,0.284,0.448,0.534,0.554,14.5,12.3,21.7,74.4,0.202,0.206,-1
2022,Toronto Raptors,82,24.8,48,34.0,47,35,96.0,0.234,0.375,0.51,0.535,11.0,14.4,28.4,75.6,0.177,0.199,1
2022,New Orleans Pelicans,82,25.6,36,46.0,38,44,97.2,0.264,0.365,0.517,0.547,12.5,13.0,26.9,78.2,0.208,0.196,-2
2022,Washington Wizards,82,25.9,35,47.0,32,50,97.0,0.252,0.356,0.532,0.529,12.1,10.7,20.9,76.9,0.197,0.202,3
2022,Los Angeles Clippers,82,27.5,42,40.0,41,41,98.0,0.224,0.391,0.531,0.514,12.5,12.0,20.6,74.4,0.178,0.167,1
2022,Dallas Mavericks,82,26.7,52,30.0,50,32,95.4,0.249,0.439,0.538,0.521,11.7,12.2,21.3,78.0,0.192,0.185,2
2022,Cleveland Cavaliers,82,24.7,44,38.0,47,35,96.1,0.261,0.387,0.538,0.52,13.2,12.3,24.0,76.5,0.198,0.172,-3
2022,New York Knicks,82,26.0,37,45.0,41,41,95.9,0.28,0.428,0.513,0.521,12.0,11.7,25.1,78.8,0.208,0.198,-4
2022,Portland Trail Blazers,82,25.6,27,55.0,20,62,98.3,0.248,0.422,0.515,0.559,13.0,12.7,22.9,76.9,0.188,0.222,7
2022,Detroit Pistons,82,23.6,23,59.0,22,60,98.4,0.249,0.391,0.494,0.541,12.6,13.1,23.4,75.6,0.194,0.226,1
2022,Orlando Magic,82,23.3,22,60.0,21,61,99.2,0.223,0.417,0.503,0.532,13.0,11.7,19.8,77.2,0.175,0.196,1
2022,Oklahoma City Thunder,82,22.4,24,58.0,21,61,98.6,0.223,0.419,0.497,0.533,12.5,11.8,21.8,76.1,0.169,0.169,3
2023,Sacramento Kings,82,25.4,48,34.0,47,35,100.3,0.284,0.423,0.572,0.563,12.0,12.6,22.7,77.2,0.225,0.203,1
2023,Golden State Warriors,82,27.3,44,38.0,45,37,101.6,0.224,0.479,0.571,0.54,14.1,12.3,24.4,76.0,0.178,0.214,-1
2023,Atlanta Hawks,82,24.9,41,41.0,42,40,100.7,0.244,0.331,0.541,0.552,11.2,12.4,25.1,75.8,0.2,0.206,-1
2023,Boston Celtics,82,27.4,57,25.0,57,25,98.5,0.243,0.48,0.566,0.528,12.0,11.3,22.1,78.5,0.197,0.18,0
2023,Oklahoma City Thunder,82,22.8,40,42.0,44,38,101.1,0.256,0.369,0.531,0.547,11.2,14.4,24.7,72.9,0.207,0.222,-4
2023,Los Angeles Lakers,82,27.9,43,39.0,42,40,101.3,0.299,0.351,0.542,0.535,12.3,10.9,22.8,76.3,0.232,0.171,1
2023,Utah Jazz,82,26.5,37,45.0,39,43,100.5,0.265,0.421,0.547,0.541,13.3,10.9,26.8,75.2,0.209,0.205,-2
2023,Memphis Grizzlies,82,24.4,51,31.0,51,31,101.1,0.259,0.372,0.54,0.526,11.7,13.1,26.5,75.9,0.19,0.206,0
2023,Milwaukee Bucks,82,29.8,58,24.0,50,32,100.5,0.248,0.446,0.555,0.52,12.7,10.4,25.0,77.8,0.184,0.175,8
2023,Indiana Pacers,82,24.5,35,47.0,33,49,101.1,0.265,0.413,0.545,0.554,13.0,13.0,23.4,72.2,0.209,0.229,2
2023,New York Knicks,82,24.5,47,35.0,48,34,97.1,0.285,0.4,0.541,0.536,11.4,11.4,28.3,77.1,0.217,0.21,-1
2023,Denver Nuggets,82,26.6,53,29.0,49,33,98.1,0.259,0.361,0.573,0.543,13.1,12.2,24.8,76.4,0.194,0.201,4
2023,Minnesota Timberwolves,82,25.8,42,40.0,41,41,101.0,0.271,0.381,0.56,0.54,13.6,13.3,21.5,74.3,0.205,0.225,1
2023,Philadelphia 76ers,82,28.2,54,28.0,52,30,96.9,0.3,0.389,0.563,0.541,12.6,13.0,21.6,77.2,0.25,0.217,2
2023,New Orleans Pelicans,82,25.9,42,40.0,46,36,99.1,0.279,0.344,0.543,0.543,12.9,13.4,24.7,77.4,0.221,0.212,-4
2023,Dallas Mavericks,82,27.8,38,44.0,41,41,96.6,0.298,0.487,0.565,0.549,11.4,11.9,18.0,75.5,0.225,0.226,-3
2023,Phoenix Suns,82,28.1,45,37.0,46,36,98.2,0.241,0.362,0.535,0.532,12.0,12.9,26.6,76.0,0.191,0.234,-1
2023,Los Angeles Clippers,82,29.7,44,38.0,42,40,98.0,0.278,0.387,0.551,0.543,12.8,11.7,22.9,76.6,0.217,0.195,2
2023,Portland Trail Blazers,82,25.1,33,49.0,31,51,98.6,0.289,0.413,0.549,0.563,13.1,12.1,22.4,74.9,0.23,0.217,2
2023,Brooklyn Nets,82,28.0,45,37.0,43,39,98.3,0.26,0.397,0.562,0.53,12.7,12.2,19.6,73.7,0.208,0.212,2
2023,Washington Wizards,82,26.2,35,47.0,38,44,98.6,0.258,0.365,0.55,0.54,12.7,11.0,22.6,76.1,0.202,0.194,-3
2023,Chicago Bulls,82,27.5,40,42.0,44,38,98.5,0.251,0.333,0.55,0.544,12.2,13.5,20.1,77.8,0.203,0.197,-4
2023,San Antonio Spurs,82,23.9,22,60.0,19,63,101.6,0.229,0.348,0.525,0.576,13.0,12.0,25.6,74.9,0.17,0.201,3
2023,Toronto Raptors,82,25.8,41,41.0,45,37,97.1,0.257,0.351,0.517,0.565,10.3,15.3,27.8,76.7,0.201,0.223,-4
2023,Cleveland Cavaliers,82,25.4,51,31.0,55,27,95.7,0.264,0.371,0.556,0.535,12.3,14.4,23.6,76.3,0.206,0.21,-4
2023,Orlando Magic,82,23.1,34,48.0,35,47,99.3,0.29,0.361,0.532,0.55,13.4,13.1,23.8,77.7,0.227,0.211,-1
2023,Charlotte Hornets,82,25.3,27,55.0,26,56,100.8,0.261,0.36,0.516,0.544,12.3,12.5,23.8,75.5,0.195,0.211,1
2023,Houston Rockets,82,22.1,22,60.0,23,59,99.0,0.285,0.359,0.516,0.564,14.0,11.8,30.2,75.8,0.215,0.218,-1
2023,Detroit Pistons,82,24.1,17,65.0,22,60,99.0,0.295,0.372,0.52,0.557,13.3,11.9,24.9,74.0,0.227,0.231,-5
2023,Miami Heat,82,27.7,44,38.0,40,42,96.3,0.27,0.408,0.53,0.561,12.4,14.5,22.8,77.7,0.224,0.198,4
2024,Indiana Pacers,82,25.3,47,35.0,48,34,101.7,0.222,0.38,0.578,0.556,11.3,12.1,23.8,74.1,0.173,0.228,-1
2024,Boston Celtics,82,28.2,64,18.0,66,16,97.2,0.224,0.471,0.578,0.523,10.8,10.8,24.9,76.3,0.18,0.145,-2
2024,Oklahoma City Thunder,82,23.4,57,25.0,58,24,99.8,0.24,0.383,0.573,0.53,11.4,13.6,21.1,73.8,0.198,0.202,-1
2024,Milwaukee Bucks,82,30.2,49,33.0,47,35,99.9,0.27,0.43,0.568,0.539,11.5,10.6,21.8,77.2,0.209,0.189,2
2024,Atlanta Hawks,82,26.2,36,46.0,36,46,100.1,0.251,0.408,0.539,0.572,11.6,12.4,27.1,75.2,0.2,0.192,0
2024,Los Angeles Lakers,82,28.0,47,35.0,42,40,100.9,0.276,0.358,0.566,0.55,12.5,11.7,19.9,76.2,0.216,0.153,5
2024,Dallas Mavericks,82,26.5,50,32.0,46,36,100.1,0.251,0.441,0.562,0.548,11.2,12.1,22.2,75.2,0.19,0.184,4
2024,Golden State Warriors,82,28.4,46,36.0,47,35,99.2,0.219,0.425,0.557,0.539,12.5,11.5,27.5,76.1,0.171,0.195,-1
2024,Sacramento Kings,82,26.4,46,36.0,45,37,98.8,0.229,0.432,0.556,0.555,11.6,12.5,24.5,78.4,0.171,0.213,1
2024,Phoenix Suns,82,29.3,49,33.0,49,33,98.3,0.271,0.378,0.565,0.536,13.4,11.3,25.0,75.6,0.219,0.178,0
2024,Utah Jazz,82,25.1,31,51.0,29,53,99.5,0.251,0.406,0.539,0.567,13.6,10.9,28.1,75.2,0.209,0.182,2
2024,Los Angeles Clippers,82,30.4,51,31.0,49,33,97.2,0.256,0.383,0.561,0.541,12.0,11.7,24.4,74.8,0.211,0.183,2
2024,New Orleans Pelicans,82,26.0,49,33.0,52,30,97.9,0.261,0.373,0.558,0.541,11.8,12.9,24.4,76.9,0.202,0.186,-3
2024,Denver Nuggets,82,27.1,57,25.0,54,28,96.8,0.224,0.352,0.562,0.526,11.5,11.2,25.5,75.6,0.17,0.195,3
2024,Philadelphia 76ers,82,28.4,47,35.0,49,33,97.5,0.264,0.373,0.532,0.537,10.7,13.1,24.8,74.3,0.218,0.215,-2
2024,Houston Rockets,82,25.1,41,41.0,44,38,99.0,0.257,0.397,0.529,0.533,11.2,12.2,25.1,76.0,0.199,0.219,-3
2024,Washington Wizards,82,24.9,15,67.0,20,62,102.7,0.221,0.389,0.538,0.562,12.2,12.0,20.0,72.5,0.169,0.201,-5
2024,Minnesota Timberwolves,82,27.2,56,26.0,57,25,97.1,0.27,0.384,0.559,0.515,13.0,12.9,23.2,76.9,0.209,0.197,-1
2024,New York Knicks,82,26.4,50,32.0,53,29,95.2,0.246,0.404,0.54,0.543,11.9,12.3,29.4,76.1,0.192,0.176,-3
2024,Cleveland Cavaliers,82,26.2,48,34.0,47,35,97.2,0.234,0.422,0.557,0.535,12.4,12.3,23.2,76.9,0.179,0.19,1
2024,Toronto Raptors,82,25.9,25,57.0,26,56,99.4,0.241,0.369,0.535,0.566,12.4,12.2,24.2,73.9,0.182,0.172,-1
2024,Chicago Bulls,82,28.1,39,43.0,37,45,96.3,0.236,0.358,0.534,0.556,11.0,12.7,25.1,76.4,0.187,0.195,2
2024,San Antonio Spurs,82,23.0,22,60.0,26,56,101.1,0.22,0.401,0.532,0.555,13.2,11.7,22.9,76.4,0.172,0.174,-4
2024,Orlando Magic,82,24.0,47,35.0,46,36,96.9,0.287,0.369,0.541,0.543,13.3,13.8,25.3,78.1,0.218,0.206,1
2024,Brooklyn Nets,82,26.1,32,50.0,34,48,96.9,0.234,0.412,0.531,0.543,11.8,11.4,25.2,76.0,0.177,0.193,-2
2024,Miami Heat,82,28.0,46,36.0,46,36,96.2,0.257,0.394,0.538,0.543,11.7,12.7,21.8,78.1,0.21,0.174,0
2024,Detroit Pistons,82,23.8,14,68.0,20,62,99.8,0.246,0.36,0.526,0.558,13.5,11.1,23.9,77.3,0.193,0.221,-6
2024,Charlotte Hornets,82,25.1,21,61.0,18,64,97.3,0.212,0.391,0.529,0.572,12.6,12.3,21.1,74.5,0.167,0.188,3
2024,Portland Trail Blazers,82,24.1,21,61.0,20,62,97.2,0.228,0.37,0.503,0.558,13.4,12.8,27.5,74.0,0.181,0.216,1
2024,Memphis Grizzlies,82,24.4,27,55.0,24,58,98.2,0.238,0.428,0.509,0.551,13.4,13.5,23.8,74.8,0.182,0.195,3
2025,Cleveland Cavaliers,82,26.6,64,18.0,62,20,99.8,0.241,0.457,0.578,0.528,11.6,12.6,25.9,74.8,0.187,0.181,2
2025,Memphis Grizzlies,82,24.7,48,34.0,52,30,103.3,0.249,0.406,0.554,0.533,13.1,12.9,28.7,74.9,0.196,0.206,-4
2025,Denver Nuggets,82,27.0,50,32.0,50,32,99.8,0.259,0.356,0.573,0.542,12.5,11.3,26.7,74.6,0.2,0.173,0
2025,Oklahoma City Thunder,82,24.8,68,14.0,68,14,100.0,0.22,0.419,0.56,0.513,10.3,14.9,24.2,74.6,0.18,0.211,0
2025,Atlanta Hawks,82,24.9,40,42.0,38,44,102.6,0.252,0.41,0.546,0.56,13.2,13.8,26.3,76.0,0.196,0.202,2
2025,Chicago Bulls,82,25.2,39,43.0,37,45,102.8,0.214,0.457,0.553,0.539,12.7,10.8,22.3,76.6,0.173,0.178,2
2025,Indiana Pacers,82,25.8,50,32.0,46,36,99.9,0.241,0.4,0.562,0.546,11.8,13.1,21.3,74.5,0.19,0.19,4
2025,Boston Celtics,82,28.9,61,21.0,62,20,95.7,0.212,0.536,0.561,0.522,10.8,11.6,25.7,76.0,0.169,0.154,-1
2025,New York Knicks,82,27.5,51,31.0,51,31,96.7,0.232,0.382,0.556,0.549,11.9,13.1,26.0,74.5,0.186,0.176,0
2025,Sacramento Kings,82,27.8,40,42.0,42,40,98.2,0.235,0.391,0.548,0.557,11.8,12.5,25.4,76.9,0.19,0.2,-2
2025,Milwaukee Bucks,82,29.3,48,34.0,47,35,99.3,0.268,0.424,0.568,0.533,12.2,11.4,19.3,76.2,0.201,0.174,1
2025,Detroit Pistons,82,25.8,44,38.0,46,36,99.8,0.248,0.394,0.547,0.539,13.0,13.3,26.2,76.0,0.192,0.214,-2
2025,Minnesota Timberwolves,82,27.2,49,33.0,53,29,97.3,0.249,0.455,0.554,0.532,13.0,13.2,25.8,75.1,0.196,0.178,-4
2025,Houston Rockets,82,24.9,52,30.0,52,30,98.6,0.242,0.384,0.523,0.528,11.8,12.8,31.7,76.2,0.178,0.186,0
2025,Dallas Mavericks,82,27.5,39,43.0,38,44,99.2,0.263,0.389,0.549,0.54,12.5,11.6,23.3,73.1,0.203,0.179,1
2025,San Antonio Spurs,82,26.0,34,48.0,34,48,99.3,0.234,0.441,0.544,0.551,12.3,12.0,24.3,73.0,0.181,0.158,0
2025,Golden State Warriors,82,28.6,48,34.0,49,33,98.7,0.244,0.469,0.536,0.541,12.3,14.1,27.3,75.6,0.187,0.189,-1
2025,Phoenix Suns,82,29.1,36,46.0,34,48,97.1,0.241,0.44,0.561,0.552,12.8,10.9,22.6,74.1,0.195,0.191,2
2025,Los Angeles Lakers,82,27.9,50,32.0,44,38,97.6,0.271,0.425,0.557,0.539,12.7,12.2,23.3,74.5,0.213,0.178,6
2025,Los Angeles Clippers,82,29.7,50,32.0,53,29,97.5,0.251,0.387,0.554,0.536,13.4,13.7,24.4,77.5,0.2,0.189,-3
2025,Utah Jazz,82,23.9,17,65.0,20,62,100.0,0.252,0.449,0.533,0.559,14.9,10.3,26.9,74.1,0.195,0.185,-3
2025,Toronto Raptors,82,24.5,30,52.0,30,52,99.7,0.232,0.373,0.522,0.541,13.3,13.2,27.3,73.9,0.173,0.222,0
2025,Portland Trail Blazers,82,23.8,36,46.0,33,49,98.8,0.246,0.418,0.521,0.543,13.8,13.6,29.2,72.5,0.187,0.204,3
2025,Miami Heat,82,26.8,37,45.0,42,40,96.2,0.232,0.429,0.544,0.543,12.4,12.5,22.3,75.8,0.183,0.157,-5
2025,New Orleans Pelicans,82,25.9,21,61.0,20,62,99.1,0.244,0.385,0.519,0.564,12.8,12.3,26.3,72.7,0.184,0.19,1
2025,Philadelphia 76ers,82,27.1,24,58.0,26,56,97.4,0.257,0.426,0.527,0.57,12.3,14.3,23.4,71.8,0.201,0.194,-2
2025,Washington Wizards,82,23.5,18,64.0,15,67,100.9,0.229,0.435,0.512,0.548,13.6,11.4,22.7,71.9,0.178,0.202,3
2025,Orlando Magic,82,24.9,41,41.0,41,41,96.1,0.269,0.411,0.51,0.538,12.9,15.0,25.3,77.0,0.208,0.22,0
2025,Charlotte Hornets,82,25.1,19,63.0,20,62,97.6,0.222,0.43,0.503,0.547,13.7,11.9,26.5,74.5,0.174,0.19,-1
2025,Brooklyn Nets,82,24.7,26,56.0,23,59,96.4,0.24,0.458,0.516,0.557,13.7,13.7,24.5,75.0,0.189,0.218,3
2026,Denver Nuggets,82,27.8,54,28.0,53,29,98.4,0.294,0.408,0.577,0.543,11.5,10.4,23.6,75.3,0.237,0.196,1
2026,Miami Heat,82,26.2,43,39.0,47,35,103.4,0.268,0.406,0.542,0.54,11.6,12.8,25.4,74.9,0.212,0.193,-4
2026,San Antonio Spurs,82,25.4,62,20.0,60,22,99.9,0.274,0.422,0.559,0.522,11.8,11.5,26.2,77.3,0.215,0.18,2
2026,Cleveland Cavaliers,82,27.2,52,30.0,51,31,99.9,0.265,0.442,0.561,0.543,12.2,13.1,26.9,74.4,0.206,0.209,1
2026,Oklahoma City Thunder,82,25.2,64,18.0,65,17,99.3,0.261,0.426,0.561,0.519,11.2,14.6,22.3,74.4,0.213,0.184,-1
2026,Atlanta Hawks,82,25.2,46,36.0,47,35,101.7,0.234,0.429,0.554,0.546,12.3,13.9,24.4,74.5,0.181,0.206,-1
2026,Minnesota Timberwolves,82,27.9,49,33.0,49,33,100.5,0.285,0.42,0.559,0.529,12.9,13.0,25.7,73.7,0.215,0.22,0
2026,Detroit Pistons,82,26.1,60,22.0,60,22,99.3,0.292,0.345,0.546,0.517,13.0,14.8,30.9,74.2,0.223,0.251,0
2026,Utah Jazz,82,24.1,22,60.0,23,59,102.3,0.277,0.402,0.536,0.578,13.2,12.4,26.2,72.9,0.218,0.227,-1
2026,New York Knicks,82,28.1,53,29.0,56,26,96.8,0.238,0.428,0.557,0.541,12.1,13.1,29.3,76.7,0.188,0.206,-3
2026,Chicago Bulls,82,25.3,31,51.0,29,53,102.5,0.246,0.443,0.547,0.553,13.3,11.1,23.1,75.5,0.191,0.19,2
2026,Los Angeles Lakers,82,28.0,53,29.0,45,37,98.3,0.32,0.394,0.573,0.555,13.2,13.0,23.9,74.3,0.244,0.191,8
2026,Charlotte Hornets,82,24.0,44,38.0,53,29,96.8,0.244,0.487,0.552,0.54,13.5,11.6,30.5,76.6,0.2,0.186,-9
2026,Philadelphia 76ers,82,25.5,45,37.0,41,41,99.4,0.275,0.391,0.53,0.541,11.9,13.3,26.2,72.5,0.222,0.212,4
2026,Orlando Magic,82,24.7,45,37.0,43,39,100.0,0.311,0.386,0.531,0.545,12.4,13.1,25.0,75.6,0.249,0.223,2
2026,New Orleans Pelicans,82,24.1,26,56.0,30,52,100.3,0.284,0.355,0.527,0.555,12.2,12.4,27.0,71.4,0.222,0.199,-4
2026,Portland Trail Blazers,82,25.2,42,40.0,40,42,100.5,0.28,0.469,0.534,0.541,14.6,13.5,31.3,72.7,0.214,0.215,2
2026,Houston Rockets,82,26.5,52,30.0,54,28,96.1,0.26,0.35,0.542,0.53,13.3,12.1,34.8,74.5,0.199,0.189,-2
2026,Boston Celtics,82,26.9,56,26.0,59,23,94.8,0.207,0.467,0.553,0.523,11.2,11.4,29.2,75.7,0.167,0.189,-3
2026,Memphis Grizzlies,82,24.6,25,57.0,27,55,101.3,0.251,0.436,0.533,0.562,13.0,13.3,24.7,70.9,0.199,0.203,-2
2026,Golden State Warriors,82,28.6,37,45.0,40,42,99.0,0.238,0.497,0.549,0.553,13.8,14.0,25.8,72.9,0.192,0.198,-3
2026,Toronto Raptors,82,24.8,46,36.0,48,34,98.4,0.265,0.363,0.546,0.54,12.2,14.3,25.5,74.0,0.204,0.222,-2
2026,Dallas Mavericks,82,26.2,26,56.0,28,54,101.7,0.287,0.355,0.527,0.546,12.6,11.4,23.2,74.1,0.217,0.183,-2
2026,Los Angeles Clippers,82,30.0,42,40.0,44,38,96.5,0.295,0.404,0.559,0.545,13.2,12.9,23.7,72.9,0.243,0.197,-2
2026,Washington Wizards,82,23.5,17,65.0,16,66,101.4,0.235,0.403,0.535,0.563,13.6,11.7,24.1,70.2,0.18,0.232,1
2026,Phoenix Suns,82,26.8,45,37.0,45,37,97.2,0.225,0.453,0.537,0.541,12.8,14.5,28.9,71.9,0.176,0.217,0
2026,Indiana Pacers,82,26.1,19,63.0,23,59,101.0,0.252,0.422,0.533,0.556,12.8,11.7,21.7,74.1,0.196,0.218,-4
2026,Sacramento Kings,82,28.3,22,60.0,19,63,99.2,0.256,0.339,0.525,0.572,12.6,12.3,25.9,73.5,0.198,0.216,3
2026,Milwaukee Bucks,82,27.1,32,50.0,26,56,97.6,0.223,0.457,0.565,0.558,13.9,11.7,21.1,74.1,0.163,0.215,6
2026,Brooklyn Nets,82,23.5,20,62.0,18,64,97.1,0.272,0.455,0.52,0.571,14.3,13.2,23.6,74.0,0.212,0.225,2
